BTC,ETH,LTC,XLM,Datetime,Count
56905.74,4166.82,376.47,0.72,05/11/2021 19:43:39,0
56905.74,4166.82,376.47,0.72,05/11/2021 19:43:42,1
56851.25,4166.07,376.62,0.72,05/11/2021 19:44:42,2
56897.80,4169.84,378.35,0.73,05/11/2021 19:45:43,3
56916.07,4167.58,378.72,0.73,05/11/2021 19:46:43,4
56915.74,4166.53,379.39,0.72,05/11/2021 19:47:43,5
56929.92,4168.29,381.01,0.72,05/11/2021 19:48:54,6
57020.39,4173.22,380.59,0.72,05/11/2021 19:49:55,7
57043.46,4175.48,380.85,0.73,05/11/2021 19:50:55,8
57044.03,4180.79,380.66,0.73,05/11/2021 19:51:56,9
57076.10,4189.83,379.92,0.73,05/11/2021 19:52:56,10
57126.22,4199.06,379.84,0.73,05/11/2021 19:53:57,11
57070.12,4203.73,378.05,0.73,05/11/2021 19:54:57,12
57070.11,4196.81,379.39,0.73,05/11/2021 19:55:58,13
57031.64,4197.76,380.47,0.73,05/11/2021 19:56:58,14
57031.95,4198.90,379.60,0.73,05/11/2021 19:57:58,15
57012.27,4195.20,379.51,0.73,05/11/2021 19:58:59,16
57035.28,4200.90,380.03,0.73,05/11/2021 19:59:59,17
57019.32,4195.74,379.92,0.74,05/11/2021 20:01:00,18
56926.11,4183.64,379.23,0.73,05/11/2021 20:02:00,19
57022.89,4190.41,381.42,0.74,05/11/2021 20:03:01,20
57119.54,4198.57,383.38,0.74,05/11/2021 20:04:01,21
57253.35,4208.12,383.97,0.74,05/11/2021 20:05:02,22
57385.98,4205.78,385.20,0.74,05/11/2021 20:06:02,23
57345.45,4200.79,385.55,0.74,05/11/2021 20:07:03,24
57495.99,4206.50,385.76,0.74,05/11/2021 20:08:03,25
57529.28,4213.95,386.40,0.73,05/11/2021 20:09:04,26
57435.88,4206.23,384.82,0.73,05/11/2021 20:10:04,27
57415.61,4204.12,384.76,0.73,05/11/2021 20:11:05,28
57405.63,4202.02,385.80,0.74,05/11/2021 20:12:05,29
57371.37,4198.10,385.42,0.73,05/11/2021 20:13:06,30
57358.19,4192.70,387.41,0.73,05/11/2021 20:14:06,31
57355.16,4187.78,388.98,0.73,05/11/2021 20:15:07,32
57347.03,4187.92,388.18,0.73,05/11/2021 20:16:07,33
57317.56,4182.70,387.32,0.73,05/11/2021 20:17:07,34
57239.62,4179.99,386.36,0.73,05/11/2021 20:18:08,35
57223.00,4184.56,385.88,0.73,05/11/2021 20:19:09,36
57303.74,4190.85,387.39,0.72,05/11/2021 20:20:09,37
57220.78,4187.66,387.35,0.72,05/11/2021 20:21:09,38
57261.06,4194.10,388.94,0.73,05/11/2021 20:22:10,39
57274.57,4195.88,388.73,0.73,05/11/2021 20:23:10,40
57256.21,4192.22,388.25,0.72,05/11/2021 20:24:11,41
57212.04,4190.36,386.73,0.72,05/11/2021 20:25:11,42
57307.27,4193.47,387.46,0.72,05/11/2021 20:26:12,43
57341.88,4202.37,388.01,0.72,05/11/2021 20:27:12,44
57354.60,4204.72,388.13,0.72,05/11/2021 20:28:13,45
57306.29,4193.99,387.39,0.72,05/11/2021 20:29:13,46
57345.35,4193.25,387.76,0.72,05/11/2021 20:30:13,47
57365.15,4192.56,388.18,0.72,05/11/2021 20:31:14,48
57353.12,4196.87,387.27,0.72,05/11/2021 20:32:14,49
57344.42,4196.85,387.41,0.72,05/11/2021 20:33:15,50
57370.94,4196.88,388.02,0.72,05/11/2021 20:34:16,51
57431.07,4196.20,390.52,0.72,05/11/2021 20:35:16,52
57510.95,4196.52,391.93,0.72,05/11/2021 20:36:17,53
57614.01,4203.92,392.35,0.72,05/11/2021 20:37:17,54
57619.88,4191.75,391.49,0.72,05/11/2021 20:38:17,55
57475.76,4188.74,391.19,0.72,05/11/2021 20:39:18,56
57452.07,4188.97,390.01,0.72,05/11/2021 20:40:18,57
57400.41,4185.18,389.62,0.72,05/11/2021 20:41:19,58
57361.56,4185.58,390.35,0.72,05/11/2021 20:42:19,59
57455.95,4187.78,390.14,0.72,05/11/2021 20:43:20,60
57427.00,4185.80,390.01,0.72,05/11/2021 20:44:32,61
57458.54,4185.50,389.83,0.72,05/11/2021 20:45:33,62
57416.17,4185.84,388.67,0.72,05/11/2021 20:46:34,63
57418.41,4186.71,387.58,0.72,05/11/2021 20:47:34,64
57433.28,4191.55,387.29,0.72,05/11/2021 20:48:34,65
57460.54,4198.90,387.11,0.72,05/11/2021 20:49:35,66
57515.11,4199.91,387.72,0.72,05/11/2021 20:50:35,67
57563.40,4209.29,388.27,0.72,05/11/2021 20:51:36,68
57592.69,4216.88,388.59,0.72,05/11/2021 20:52:36,69
57584.73,4211.61,388.45,0.72,05/11/2021 20:53:37,70
57581.19,4209.88,388.47,0.72,05/11/2021 20:54:37,71
57651.01,4218.55,388.89,0.72,05/11/2021 20:55:38,72
57616.63,4220.91,388.05,0.72,05/11/2021 20:56:38,73
57577.46,4210.63,387.79,0.72,05/11/2021 20:57:39,74
57585.59,4209.29,387.48,0.72,05/11/2021 20:58:39,75
57654.34,4221.45,388.30,0.72,05/11/2021 20:59:40,76
57624.15,4213.05,388.02,0.72,05/11/2021 21:00:40,77
57591.36,4212.92,389.49,0.72,05/11/2021 21:01:41,78
57578.39,4209.87,388.97,0.72,05/11/2021 21:02:41,79
57565.28,4202.42,388.92,0.72,05/11/2021 21:03:42,80
57560.68,4201.69,388.94,0.72,05/11/2021 21:04:42,81
57549.29,4201.82,390.80,0.72,05/11/2021 21:05:43,82
57579.17,4203.47,392.46,0.73,05/11/2021 21:06:43,83
57545.08,4202.29,391.67,0.72,05/11/2021 21:07:43,84
57529.90,4201.86,391.54,0.72,05/11/2021 21:08:44,85
57492.39,4198.82,390.16,0.72,05/11/2021 21:09:44,86
57496.70,4201.37,389.98,0.72,05/11/2021 21:10:45,87
57494.65,4198.84,389.87,0.72,05/11/2021 21:11:45,88
57492.34,4198.57,388.71,0.72,05/11/2021 21:12:45,89
57502.14,4202.49,389.12,0.72,05/11/2021 21:13:46,90
57554.56,4206.45,390.34,0.72,05/11/2021 21:14:46,91
57475.27,4202.51,388.77,0.72,05/11/2021 21:15:48,92
57467.04,4201.28,388.51,0.72,05/11/2021 21:16:49,93
57517.20,4207.57,389.48,0.72,05/11/2021 21:17:49,94
57500.36,4205.62,388.39,0.72,05/11/2021 21:18:49,95
57531.73,4204.46,388.60,0.72,05/11/2021 21:19:50,96
57538.73,4210.91,388.68,0.72,05/11/2021 21:20:50,97
57495.69,4203.29,388.23,0.72,05/11/2021 21:21:51,98
57485.30,4204.61,388.56,0.72,05/11/2021 21:22:51,99
57471.09,4204.48,388.33,0.72,05/11/2021 21:23:52,100
57454.08,4199.06,388.33,0.71,05/11/2021 21:24:52,101
57430.94,4194.90,388.11,0.71,05/11/2021 21:25:52,102
57490.92,4194.45,388.75,0.72,05/11/2021 21:26:53,103
57462.19,4185.82,388.31,0.72,05/11/2021 21:27:53,104
57440.18,4186.23,387.86,0.72,05/11/2021 21:28:54,105
57426.83,4181.41,387.30,0.72,05/11/2021 21:29:54,106
57426.11,4182.82,387.93,0.72,05/11/2021 21:30:55,107
57427.87,4176.97,387.69,0.72,05/11/2021 21:31:55,108
57443.88,4181.00,387.84,0.72,05/11/2021 21:32:56,109
57483.46,4187.60,388.54,0.72,05/11/2021 21:33:56,110
57467.70,4188.97,388.85,0.72,05/11/2021 21:34:57,111
57457.25,4192.71,388.73,0.72,05/11/2021 21:35:57,112
57416.41,4193.92,388.05,0.72,05/11/2021 21:36:58,113
57388.45,4192.83,387.48,0.72,05/11/2021 21:37:58,114
57385.08,4191.64,387.23,0.72,05/11/2021 21:38:58,115
57386.30,4187.39,387.39,0.72,05/11/2021 21:39:59,116
57372.11,4181.79,387.14,0.71,05/11/2021 21:40:59,117
57386.56,4184.92,387.19,0.72,05/11/2021 21:42:00,118
57406.86,4185.74,387.08,0.72,05/11/2021 21:43:00,119
57398.88,4185.68,386.45,0.72,05/11/2021 21:44:00,120
57370.40,4194.87,386.66,0.71,05/11/2021 21:58:19,121
57407.44,4204.05,386.96,0.71,05/11/2021 21:59:19,122
57413.13,4207.67,387.13,0.71,05/11/2021 22:00:20,123
57422.77,4207.63,388.36,0.71,05/11/2021 22:01:20,124
57378.35,4205.94,388.16,0.71,05/11/2021 22:02:21,125
57353.92,4204.05,387.23,0.71,05/11/2021 22:03:22,126
57335.70,4198.19,386.71,0.71,05/11/2021 22:04:22,127
57397.71,4207.65,387.30,0.71,05/11/2021 22:05:23,128
57321.45,4200.36,385.87,0.71,05/11/2021 22:06:23,129
57342.87,4203.39,386.18,0.71,05/11/2021 22:07:24,130
57322.45,4199.16,386.20,0.71,05/11/2021 22:08:24,131
57375.77,4198.44,386.52,0.71,05/11/2021 22:09:24,132
57369.81,4201.41,386.57,0.71,05/11/2021 22:10:25,133
57372.51,4205.15,387.03,0.71,05/11/2021 22:11:25,134
57370.78,4203.83,387.40,0.71,05/11/2021 22:11:50,135
57371.42,4205.34,387.55,0.71,05/11/2021 22:12:51,136
57392.38,4206.60,387.38,0.71,05/11/2021 22:13:51,137
57361.79,4206.52,387.07,0.71,05/11/2021 22:14:51,138
57369.96,4208.43,387.06,0.71,05/11/2021 22:15:52,139
57406.82,4210.95,387.84,0.71,05/11/2021 22:16:52,140
57437.70,4211.86,387.50,0.71,05/11/2021 22:17:53,141
57466.28,4219.97,387.98,0.71,05/11/2021 22:18:53,142
57483.82,4221.57,388.00,0.71,05/11/2021 22:19:54,143
57493.59,4229.00,388.55,0.71,05/11/2021 22:20:54,144
57453.12,4228.05,388.02,0.71,05/11/2021 22:21:55,145
57593.00,4252.26,389.66,0.71,05/11/2021 22:22:55,146
57544.13,4244.61,388.80,0.71,05/11/2021 22:23:56,147
57576.58,4253.62,388.83,0.71,05/11/2021 22:24:56,148
57669.17,4258.73,390.21,0.71,05/11/2021 22:25:56,149
57674.95,4264.88,390.36,0.71,05/11/2021 22:26:57,150
57656.05,4256.41,391.53,0.71,05/11/2021 22:27:58,151
57659.21,4263.21,391.12,0.71,05/11/2021 22:28:58,152
57629.17,4264.92,390.38,0.71,05/11/2021 22:29:59,153
57629.59,4264.79,391.98,0.71,05/11/2021 22:30:59,154
57576.34,4265.91,391.14,0.71,05/11/2021 22:31:59,155
57480.68,4241.66,390.24,0.71,05/11/2021 22:33:00,156
57442.45,4245.87,390.43,0.71,05/11/2021 22:34:00,157
57566.29,4272.10,391.30,0.71,05/11/2021 22:35:01,158
57512.81,4274.16,390.03,0.71,05/11/2021 22:36:01,159
57507.64,4275.70,390.41,0.71,05/11/2021 22:37:02,160
57427.67,4272.57,390.48,0.71,05/11/2021 22:38:02,161
57466.73,4278.48,390.78,0.71,05/11/2021 22:39:03,162
57448.29,4283.50,390.70,0.71,05/11/2021 22:40:03,163
57419.45,4285.50,391.08,0.71,05/11/2021 22:41:03,164
57398.47,4284.62,391.67,0.71,05/11/2021 22:42:04,165
57361.49,4274.43,391.45,0.71,05/11/2021 22:43:04,166
57370.19,4277.54,390.47,0.71,05/11/2021 22:44:05,167
57448.77,4286.26,390.29,0.71,05/11/2021 22:45:05,168
57390.54,4279.73,390.03,0.71,05/11/2021 22:46:06,169
57323.87,4271.25,389.47,0.71,05/11/2021 22:47:06,170
57343.69,4278.07,389.96,0.71,05/11/2021 22:48:06,171
57336.06,4277.06,389.97,0.71,05/11/2021 22:49:07,172
57343.21,4276.36,390.90,0.71,05/11/2021 22:50:07,173
57355.44,4274.29,390.77,0.71,05/11/2021 22:51:07,174
57380.36,4266.19,391.50,0.71,05/11/2021 22:52:08,175
57397.89,4264.23,391.49,0.71,05/11/2021 22:53:08,176
57389.11,4262.31,390.67,0.71,05/11/2021 22:54:09,177
57387.24,4267.23,391.08,0.71,05/11/2021 22:55:09,178
57445.45,4274.26,391.03,0.71,05/11/2021 22:56:10,179
57437.76,4276.28,390.21,0.71,05/11/2021 22:57:10,180
57455.57,4276.48,390.14,0.71,05/11/2021 22:58:10,181
57497.80,4284.23,390.19,0.71,05/11/2021 22:59:11,182
57536.99,4295.20,389.44,0.71,05/11/2021 23:00:11,183
57489.96,4296.68,389.46,0.71,05/11/2021 23:01:12,184
57410.85,4286.06,388.61,0.71,05/11/2021 23:02:12,185
57372.98,4287.65,388.20,0.71,05/11/2021 23:03:13,186
57367.15,4284.11,388.38,0.71,05/11/2021 23:04:13,187
57387.30,4281.51,387.24,0.71,05/11/2021 23:05:14,188
57353.57,4278.39,386.76,0.70,05/11/2021 23:06:15,189
57391.12,4286.05,387.70,0.71,05/11/2021 23:07:15,190
57422.62,4294.55,388.11,0.71,05/11/2021 23:08:16,191
57475.87,4296.39,389.00,0.71,05/11/2021 23:09:16,192
57502.70,4297.04,388.87,0.71,05/11/2021 23:10:17,193
57530.70,4297.61,389.09,0.71,05/11/2021 23:11:17,194
57552.82,4300.38,389.06,0.71,05/11/2021 23:12:18,195
57602.19,4304.10,389.16,0.71,05/11/2021 23:13:18,196
57609.67,4306.66,389.30,0.71,05/11/2021 23:14:18,197
57579.15,4308.41,389.32,0.71,05/11/2021 23:15:19,198
57531.25,4300.11,388.82,0.71,05/11/2021 23:16:19,199
57502.85,4298.61,389.32,0.71,05/11/2021 23:17:20,200
57479.98,4292.72,389.03,0.70,05/11/2021 23:18:20,201
57484.34,4289.20,388.34,0.70,05/11/2021 23:19:20,202
57439.67,4291.57,388.08,0.70,05/11/2021 23:20:21,203
57447.94,4293.38,388.40,0.70,05/11/2021 23:21:01,204
57416.31,4286.86,387.97,0.70,05/11/2021 23:21:21,205
57397.26,4283.41,387.39,0.70,05/11/2021 23:22:01,206
57454.59,4284.25,388.49,0.70,05/11/2021 23:23:01,207
57459.49,4283.20,388.82,0.71,05/11/2021 23:24:02,208
57456.10,4286.34,388.55,0.70,05/11/2021 23:25:02,209
57502.42,4288.22,389.03,0.71,05/11/2021 23:26:03,210
57504.82,4289.92,388.44,0.71,05/11/2021 23:27:05,211
57540.31,4293.06,389.55,0.71,05/11/2021 23:28:05,212
57600.59,4297.22,389.45,0.71,05/11/2021 23:29:06,213
57618.84,4298.55,389.35,0.71,05/11/2021 23:30:06,214
57667.88,4305.42,390.14,0.71,05/11/2021 23:31:07,215
57634.12,4296.52,389.76,0.71,05/11/2021 23:32:07,216
57616.38,4299.53,389.07,0.71,05/11/2021 23:33:07,217
57565.60,4297.42,388.00,0.70,05/11/2021 23:34:08,218
57543.82,4293.70,387.81,0.70,05/11/2021 23:35:08,219
57573.18,4297.36,388.57,0.70,05/11/2021 23:36:09,220
57621.25,4303.44,388.40,0.70,05/11/2021 23:37:09,221
57606.95,4301.93,388.67,0.70,05/11/2021 23:38:10,222
57625.46,4307.71,388.38,0.70,05/11/2021 23:39:10,223
57709.38,4308.48,388.83,0.70,05/11/2021 23:40:11,224
57745.04,4306.60,389.25,0.70,05/11/2021 23:41:11,225
57937.52,4312.76,389.99,0.70,05/11/2021 23:42:11,226
57938.25,4310.23,390.81,0.70,05/11/2021 23:43:12,227
58034.78,4315.43,391.73,0.71,05/11/2021 23:44:12,228
58034.17,4318.95,391.73,0.71,05/11/2021 23:45:12,229
58036.97,4330.28,391.86,0.71,05/11/2021 23:46:13,230
58031.04,4343.67,391.98,0.71,05/11/2021 23:47:13,231
58068.27,4346.92,392.09,0.71,05/11/2021 23:48:14,232
58100.39,4352.47,393.17,0.71,05/11/2021 23:49:14,233
58138.47,4342.97,395.16,0.71,05/11/2021 23:50:15,234
58150.95,4351.32,395.71,0.71,05/11/2021 23:51:16,235
58158.46,4358.21,395.37,0.71,05/11/2021 23:52:16,236
58190.11,4365.47,394.89,0.71,05/11/2021 23:53:16,237
58194.63,4366.72,394.66,0.71,05/11/2021 23:54:16,238
58167.23,4370.72,395.78,0.71,05/11/2021 23:55:17,239
58148.76,4372.18,395.30,0.71,05/11/2021 23:56:17,240
58096.78,4369.09,394.59,0.71,05/11/2021 23:57:18,241
58048.64,4367.20,394.31,0.71,05/11/2021 23:58:18,242
58079.38,4360.89,394.37,0.71,05/11/2021 23:59:19,243
58200.62,4367.75,394.40,0.70,05/12/2021 00:00:19,244
58213.68,4361.11,394.26,0.70,05/12/2021 00:01:19,245
58246.23,4351.10,394.30,0.70,05/12/2021 00:02:20,246
58271.66,4347.01,392.89,0.70,05/12/2021 00:03:20,247
58178.08,4336.07,392.25,0.70,05/12/2021 00:04:21,248
58133.70,4331.18,392.38,0.70,05/12/2021 00:05:21,249
58076.08,4329.52,392.55,0.70,05/12/2021 00:06:21,250
58087.59,4328.95,392.92,0.70,05/12/2021 00:07:22,251
58135.02,4339.37,393.33,0.70,05/12/2021 00:08:22,252
58143.87,4339.41,393.62,0.70,05/12/2021 00:09:22,253
58133.91,4345.50,393.15,0.70,05/12/2021 00:10:24,254
58171.44,4342.97,392.78,0.70,05/12/2021 00:11:24,255
58150.16,4338.67,393.03,0.70,05/12/2021 00:12:25,256
58192.79,4344.26,393.46,0.70,05/12/2021 00:13:25,257
58229.79,4347.87,393.50,0.70,05/12/2021 00:14:26,258
58294.87,4368.58,394.63,0.71,05/12/2021 00:15:26,259
58179.46,4350.68,393.61,0.71,05/12/2021 00:16:27,260
58209.74,4358.99,394.18,0.71,05/12/2021 00:17:27,261
58173.33,4362.84,393.18,0.71,05/12/2021 00:18:27,262
58189.86,4361.36,392.30,0.71,05/12/2021 00:19:28,263
58133.63,4353.43,391.18,0.71,05/12/2021 00:20:28,264
58119.98,4355.55,392.22,0.71,05/12/2021 00:21:29,265
58126.80,4351.83,391.82,0.71,05/12/2021 00:22:29,266
58086.76,4346.15,391.15,0.71,05/12/2021 00:23:30,267
58068.03,4342.25,391.07,0.70,05/12/2021 00:24:30,268
58064.03,4348.64,391.21,0.71,05/12/2021 00:25:30,269
58038.81,4337.91,390.67,0.71,05/12/2021 00:26:31,270
58065.99,4339.65,391.21,0.71,05/12/2021 00:27:31,271
58058.11,4341.30,391.05,0.71,05/12/2021 00:28:32,272
58039.32,4339.08,390.70,0.71,05/12/2021 00:29:32,273
58038.75,4344.75,390.74,0.71,05/12/2021 00:30:33,274
57986.87,4335.75,390.15,0.71,05/12/2021 00:31:33,275
57944.80,4332.57,389.58,0.71,05/12/2021 00:32:33,276
57923.44,4315.32,389.61,0.71,05/12/2021 00:33:34,277
57930.82,4323.26,389.77,0.70,05/12/2021 00:34:34,278
57865.38,4318.47,389.13,0.70,05/12/2021 00:35:34,279
57855.04,4312.41,389.13,0.70,05/12/2021 00:36:35,280
57857.15,4317.52,390.86,0.70,05/12/2021 00:37:35,281
57759.71,4304.30,388.90,0.70,05/12/2021 00:38:36,282
57797.29,4308.35,389.58,0.70,05/12/2021 00:39:36,283
57815.07,4313.46,389.46,0.70,05/12/2021 00:40:36,284
57823.29,4315.09,389.08,0.70,05/12/2021 00:41:37,285
57764.49,4306.72,388.36,0.70,05/12/2021 00:42:37,286
57744.34,4304.94,388.84,0.70,05/12/2021 00:43:38,287
57787.80,4311.87,388.84,0.70,05/12/2021 00:44:38,288
57719.70,4306.92,387.93,0.70,05/12/2021 00:45:38,289
57732.61,4308.77,387.49,0.70,05/12/2021 00:46:39,290
57768.24,4313.38,388.18,0.70,05/12/2021 00:47:40,291
57796.03,4320.67,388.29,0.70,05/12/2021 00:48:40,292
57808.50,4324.96,388.25,0.70,05/12/2021 00:49:41,293
57806.48,4324.54,388.64,0.70,05/12/2021 00:50:41,294
57767.44,4323.51,388.23,0.70,05/12/2021 00:51:42,295
57742.84,4320.69,387.95,0.70,05/12/2021 00:52:42,296
57719.45,4319.25,387.46,0.70,05/12/2021 00:53:42,297
57716.19,4315.74,387.84,0.70,05/12/2021 00:54:43,298
57724.07,4321.39,387.59,0.70,05/12/2021 00:55:43,299
57709.41,4321.10,388.03,0.70,05/12/2021 00:56:44,300
57728.77,4326.11,388.38,0.70,05/12/2021 00:57:44,301
57676.92,4321.32,388.69,0.70,05/12/2021 00:58:45,302
57693.30,4326.48,388.42,0.70,05/12/2021 00:59:45,303
57726.40,4328.50,389.12,0.70,05/12/2021 01:00:45,304
57742.86,4334.31,389.06,0.70,05/12/2021 01:01:46,305
57777.74,4336.51,389.27,0.70,05/12/2021 01:02:46,306
57756.92,4341.01,389.39,0.70,05/12/2021 01:03:47,307
57747.79,4344.38,389.44,0.70,05/12/2021 01:04:47,308
57671.91,4335.10,388.16,0.70,05/12/2021 01:05:48,309
57640.08,4328.88,387.79,0.70,05/12/2021 01:06:48,310
57735.04,4340.52,389.32,0.70,05/12/2021 01:07:49,311
57802.90,4345.60,389.97,0.70,05/12/2021 01:08:49,312
57847.25,4353.66,390.96,0.70,05/12/2021 01:09:50,313
57780.74,4346.53,390.33,0.70,05/12/2021 01:10:50,314
57771.36,4348.17,390.18,0.70,05/12/2021 01:11:51,315
57793.82,4351.85,389.85,0.71,05/12/2021 01:12:51,316
57802.06,4357.38,389.84,0.71,05/12/2021 01:13:51,317
57797.27,4352.31,389.97,0.71,05/12/2021 01:14:52,318
57792.44,4354.38,390.07,0.71,05/12/2021 01:15:52,319
57843.28,4362.37,390.70,0.71,05/12/2021 01:16:53,320
57791.90,4355.12,390.23,0.71,05/12/2021 01:17:53,321
57808.64,4353.66,390.84,0.71,05/12/2021 01:18:54,322
57801.73,4357.56,391.09,0.71,05/12/2021 01:19:54,323
57732.95,4355.03,390.16,0.71,05/12/2021 01:20:55,324
57735.61,4353.10,390.36,0.71,05/12/2021 01:21:56,325
57716.82,4353.79,390.22,0.71,05/12/2021 01:22:56,326
57679.20,4347.99,388.92,0.71,05/12/2021 01:23:56,327
57706.38,4349.96,388.75,0.70,05/12/2021 01:24:57,328
57750.74,4356.14,388.81,0.70,05/12/2021 01:25:57,329
57789.18,4357.68,388.75,0.71,05/12/2021 01:26:58,330
57787.50,4362.09,388.41,0.71,05/12/2021 01:27:58,331
57783.76,4356.55,388.72,0.71,05/12/2021 01:28:58,332
57771.33,4364.53,388.46,0.71,05/12/2021 01:29:59,333
57737.70,4362.76,387.96,0.71,05/12/2021 01:30:59,334
57730.36,4357.93,388.42,0.71,05/12/2021 01:32:00,335
57737.25,4362.07,388.69,0.71,05/12/2021 01:33:01,336
57765.31,4356.74,389.55,0.71,05/12/2021 01:34:01,337
57739.60,4351.08,389.47,0.71,05/12/2021 01:35:02,338
57754.38,4354.33,389.64,0.71,05/12/2021 01:36:02,339
57778.67,4356.04,389.68,0.71,05/12/2021 01:37:03,340
57775.16,4357.27,390.13,0.71,05/12/2021 01:38:03,341
57690.02,4346.29,389.32,0.71,05/12/2021 01:39:03,342
57674.79,4346.95,389.28,0.71,05/12/2021 01:40:04,343
57668.12,4340.98,389.10,0.71,05/12/2021 01:41:04,344
57678.92,4339.42,389.58,0.71,05/12/2021 01:42:04,345
57700.20,4345.20,389.68,0.71,05/12/2021 01:43:05,346
57687.30,4347.26,389.42,0.71,05/12/2021 01:44:05,347
57706.96,4345.28,389.36,0.70,05/12/2021 01:45:06,348
57712.93,4355.66,389.29,0.70,05/12/2021 01:46:06,349
57674.58,4347.06,389.24,0.70,05/12/2021 01:47:06,350
57655.35,4355.19,389.52,0.70,05/12/2021 01:48:07,351
57586.27,4343.51,388.36,0.70,05/12/2021 01:49:07,352
57642.30,4355.61,389.11,0.70,05/12/2021 01:50:07,353
57637.92,4355.66,388.73,0.70,05/12/2021 01:51:08,354
57621.36,4349.94,388.24,0.70,05/12/2021 01:52:08,355
57611.60,4346.53,388.11,0.70,05/12/2021 01:53:09,356
57613.59,4345.16,388.26,0.70,05/12/2021 01:54:09,357
57562.22,4336.75,387.89,0.70,05/12/2021 01:55:09,358
57521.11,4336.64,388.02,0.70,05/12/2021 01:56:10,359
57571.06,4343.32,388.64,0.70,05/12/2021 01:57:11,360
57572.95,4350.02,389.39,0.70,05/12/2021 01:58:11,361
57636.75,4356.68,390.49,0.70,05/12/2021 01:59:11,362
57579.50,4359.19,389.38,0.70,05/12/2021 02:00:12,363
57610.44,4361.54,388.73,0.70,05/12/2021 02:01:12,364
57685.72,4385.51,389.14,0.70,05/12/2021 02:02:12,365
57649.07,4383.41,387.45,0.70,05/12/2021 02:03:13,366
57610.59,4382.85,387.49,0.70,05/12/2021 02:04:13,367
57598.66,4384.91,387.44,0.70,05/12/2021 02:05:13,368
57567.42,4381.50,387.51,0.70,05/12/2021 02:06:14,369
57520.14,4379.36,387.15,0.70,05/12/2021 02:07:14,370
57537.00,4374.31,386.79,0.70,05/12/2021 02:08:15,371
57523.11,4371.33,388.34,0.70,05/12/2021 02:09:15,372
57510.97,4368.59,387.46,0.70,05/12/2021 02:10:16,373
57530.57,4368.11,387.84,0.70,05/12/2021 02:11:16,374
57539.07,4361.53,388.55,0.70,05/12/2021 02:12:16,375
57528.10,4356.54,386.86,0.70,05/12/2021 02:13:17,376
57523.96,4349.44,385.53,0.70,05/12/2021 02:14:17,377
57552.94,4361.69,386.07,0.70,05/12/2021 02:15:18,378
57521.81,4356.17,385.47,0.70,05/12/2021 02:16:19,379
57483.68,4346.46,384.99,0.69,05/12/2021 02:17:19,380
57530.00,4340.07,384.59,0.70,05/12/2021 02:18:20,381
57585.50,4355.31,385.48,0.70,05/12/2021 02:19:20,382
57570.12,4354.68,385.86,0.70,05/12/2021 02:20:20,383
57530.75,4345.05,385.92,0.70,05/12/2021 02:21:21,384
57488.39,4340.55,384.40,0.70,05/12/2021 02:22:21,385
57480.69,4338.92,383.78,0.69,05/12/2021 02:23:22,386
57452.76,4336.84,382.90,0.69,05/12/2021 02:24:22,387
57372.94,4331.27,382.85,0.69,05/12/2021 02:25:22,388
57378.88,4334.73,383.44,0.69,05/12/2021 02:26:23,389
57439.64,4338.32,384.01,0.69,05/12/2021 02:27:23,390
57438.83,4346.58,384.29,0.70,05/12/2021 02:28:23,391
57447.48,4342.17,383.07,0.69,05/12/2021 02:29:24,392
57471.78,4343.69,383.94,0.70,05/12/2021 02:30:24,393
57511.14,4351.69,384.43,0.70,05/12/2021 02:31:24,394
57532.17,4353.81,384.46,0.70,05/12/2021 02:32:25,395
57542.66,4355.81,384.75,0.70,05/12/2021 02:33:26,396
57514.29,4343.15,384.45,0.70,05/12/2021 02:34:26,397
57500.45,4346.28,383.71,0.70,05/12/2021 02:35:27,398
57498.07,4345.72,383.99,0.70,05/12/2021 02:36:27,399
57530.11,4346.73,384.87,0.70,05/12/2021 02:37:27,400
57540.52,4355.28,385.44,0.70,05/12/2021 02:38:28,401
57538.75,4352.00,384.87,0.70,05/12/2021 02:39:28,402
57483.51,4347.10,383.46,0.70,05/12/2021 02:40:29,403
57470.70,4342.70,383.07,0.70,05/12/2021 02:41:29,404
57518.10,4339.29,382.92,0.70,05/12/2021 02:42:30,405
57459.75,4331.39,382.19,0.69,05/12/2021 02:43:30,406
57468.52,4338.23,382.42,0.69,05/12/2021 02:44:30,407
57528.94,4344.20,382.35,0.70,05/12/2021 02:45:31,408
57512.73,4340.09,379.96,0.70,05/12/2021 02:46:31,409
57472.77,4330.13,379.11,0.69,05/12/2021 02:47:32,410
57513.58,4334.17,380.34,0.69,05/12/2021 02:48:33,411
57553.91,4333.79,381.82,0.70,05/12/2021 02:49:33,412
57552.51,4338.53,382.03,0.70,05/12/2021 02:50:34,413
57557.22,4340.42,382.89,0.70,05/12/2021 02:51:34,414
57549.68,4342.12,383.23,0.70,05/12/2021 02:52:35,415
57528.26,4338.95,382.50,0.69,05/12/2021 02:53:35,416
57495.44,4334.34,382.52,0.69,05/12/2021 02:54:36,417
57471.47,4331.84,382.41,0.69,05/12/2021 02:55:36,418
57439.59,4326.54,381.78,0.69,05/12/2021 02:56:36,419
57389.35,4320.03,381.14,0.69,05/12/2021 02:57:37,420
57304.63,4314.26,380.37,0.69,05/12/2021 02:58:37,421
57340.36,4317.78,381.81,0.69,05/12/2021 02:59:37,422
57383.43,4333.14,382.80,0.69,05/12/2021 03:00:38,423
57442.77,4334.29,383.37,0.69,05/12/2021 03:01:38,424
57488.25,4342.42,383.55,0.69,05/12/2021 03:02:39,425
57513.36,4340.51,383.79,0.69,05/12/2021 03:03:39,426
57532.63,4341.35,383.73,0.69,05/12/2021 03:04:40,427
57475.37,4334.14,382.52,0.69,05/12/2021 03:05:40,428
57513.63,4339.22,383.65,0.69,05/12/2021 03:06:40,429
57510.17,4338.06,383.56,0.69,05/12/2021 03:07:41,430
57489.52,4332.20,383.48,0.69,05/12/2021 03:08:41,431
57460.04,4323.52,382.62,0.69,05/12/2021 03:09:42,432
57434.10,4321.50,382.57,0.69,05/12/2021 03:10:42,433
57443.08,4323.94,381.51,0.69,05/12/2021 03:11:43,434
57389.48,4329.63,381.59,0.69,05/12/2021 03:12:43,435
57417.40,4328.00,381.37,0.69,05/12/2021 03:13:44,436
57436.65,4337.12,382.41,0.69,05/12/2021 03:14:44,437
57485.78,4340.46,383.16,0.69,05/12/2021 03:15:44,438
57518.52,4340.91,383.25,0.69,05/12/2021 03:16:45,439
57507.34,4342.36,383.14,0.69,05/12/2021 03:17:45,440
57578.46,4348.87,384.18,0.69,05/12/2021 03:18:45,441
57527.39,4349.20,383.91,0.69,05/12/2021 03:19:46,442
57544.10,4357.54,384.08,0.69,05/12/2021 03:20:46,443
57517.11,4347.51,384.13,0.69,05/12/2021 03:21:47,444
57494.89,4348.34,384.34,0.69,05/12/2021 03:22:47,445
57542.01,4349.29,384.83,0.69,05/12/2021 03:23:48,446
57530.49,4346.35,384.26,0.69,05/12/2021 03:24:48,447
57555.02,4348.90,384.57,0.69,05/12/2021 03:25:49,448
57546.15,4350.24,384.36,0.69,05/12/2021 03:26:49,449
57565.09,4350.60,384.85,0.69,05/12/2021 03:27:49,450
57568.96,4350.67,385.00,0.70,05/12/2021 03:28:50,451
57551.88,4346.20,384.52,0.70,05/12/2021 03:29:50,452
57475.12,4345.60,383.73,0.69,05/12/2021 03:30:51,453
57547.87,4353.69,384.14,0.70,05/12/2021 03:31:51,454
57512.51,4348.91,383.89,0.69,05/12/2021 03:32:52,455
57446.55,4336.88,383.42,0.69,05/12/2021 03:33:52,456
57446.25,4338.76,383.50,0.69,05/12/2021 03:34:53,457
57459.94,4339.69,384.40,0.69,05/12/2021 03:35:53,458
57461.68,4342.39,384.99,0.69,05/12/2021 03:36:53,459
57442.19,4333.57,384.05,0.69,05/12/2021 03:37:54,460
57491.11,4337.59,384.92,0.69,05/12/2021 03:38:54,461
57507.52,4341.43,384.62,0.69,05/12/2021 03:39:55,462
57469.64,4336.81,384.11,0.69,05/12/2021 03:40:55,463
57441.38,4334.99,383.81,0.69,05/12/2021 03:41:55,464
57439.55,4333.03,383.77,0.69,05/12/2021 03:42:56,465
57416.78,4332.33,383.80,0.69,05/12/2021 03:43:57,466
57393.81,4330.71,383.44,0.69,05/12/2021 03:44:58,467
57354.49,4326.17,383.16,0.69,05/12/2021 03:45:58,468
57289.31,4315.11,382.34,0.69,05/12/2021 03:46:58,469
57297.24,4319.15,382.30,0.69,05/12/2021 03:47:59,470
57338.05,4318.90,382.99,0.69,05/12/2021 03:48:59,471
57387.52,4326.86,383.78,0.69,05/12/2021 03:50:00,472
57449.52,4335.33,384.50,0.69,05/12/2021 03:51:00,473
57451.31,4332.58,384.30,0.69,05/12/2021 03:52:01,474
57426.97,4328.28,384.25,0.69,05/12/2021 03:53:01,475
57411.48,4330.24,384.31,0.69,05/12/2021 03:54:02,476
57488.69,4337.58,385.19,0.69,05/12/2021 03:55:02,477
57510.40,4342.84,385.74,0.69,05/12/2021 03:56:02,478
57481.78,4338.20,385.18,0.69,05/12/2021 03:57:03,479
57428.83,4332.85,383.91,0.69,05/12/2021 03:58:03,480
57440.72,4333.53,383.83,0.69,05/12/2021 03:59:04,481
57461.42,4335.91,384.69,0.69,05/12/2021 04:00:04,482
57445.02,4340.14,385.05,0.69,05/12/2021 04:01:04,483
57510.39,4344.36,385.40,0.69,05/12/2021 04:02:05,484
57488.14,4339.36,385.66,0.69,05/12/2021 04:03:05,485
57483.03,4344.75,386.19,0.70,05/12/2021 04:04:06,486
57454.54,4345.00,385.69,0.70,05/12/2021 04:05:06,487
57374.21,4335.91,384.54,0.69,05/12/2021 04:06:07,488
57294.43,4327.64,384.20,0.69,05/12/2021 04:07:07,489
57269.71,4320.07,383.20,0.69,05/12/2021 04:08:08,490
57315.45,4327.27,383.48,0.69,05/12/2021 04:09:08,491
57255.96,4318.31,382.52,0.69,05/12/2021 04:10:09,492
57212.08,4313.03,381.91,0.69,05/12/2021 04:11:09,493
57230.49,4325.31,383.69,0.69,05/12/2021 04:12:10,494
57218.33,4313.07,382.84,0.69,05/12/2021 04:13:10,495
57106.49,4312.13,381.56,0.68,05/12/2021 04:14:11,496
57211.76,4317.41,382.94,0.69,05/12/2021 04:15:11,497
57224.72,4316.61,382.77,0.69,05/12/2021 04:16:11,498
57224.22,4323.33,383.16,0.69,05/12/2021 04:17:12,499
57223.03,4324.62,383.22,0.69,05/12/2021 04:18:12,500
57257.89,4324.08,383.58,0.69,05/12/2021 04:19:13,501
57277.31,4334.44,384.52,0.69,05/12/2021 04:20:13,502
57226.63,4328.49,383.62,0.69,05/12/2021 04:21:13,503
57216.60,4326.59,383.92,0.69,05/12/2021 04:22:14,504
57169.56,4316.82,382.77,0.68,05/12/2021 04:23:14,505
57145.37,4315.22,382.33,0.68,05/12/2021 04:24:14,506
57118.05,4295.79,381.15,0.68,05/12/2021 04:25:15,507
57064.90,4293.60,381.23,0.68,05/12/2021 04:26:15,508
57017.87,4280.63,380.33,0.68,05/12/2021 04:27:16,509
57046.56,4293.23,380.66,0.68,05/12/2021 04:28:17,510
57005.42,4288.27,380.67,0.68,05/12/2021 04:29:18,511
57003.60,4290.61,380.42,0.68,05/12/2021 04:30:18,512
57105.21,4309.87,381.81,0.68,05/12/2021 04:31:18,513
57120.46,4308.20,382.00,0.68,05/12/2021 04:32:19,514
57165.64,4310.02,382.86,0.69,05/12/2021 04:33:19,515
57177.54,4312.24,383.09,0.69,05/12/2021 04:34:19,516
57219.75,4316.46,383.96,0.69,05/12/2021 04:35:20,517
57241.02,4320.71,384.40,0.69,05/12/2021 04:36:20,518
57200.61,4312.91,382.13,0.68,05/12/2021 04:37:20,519
57198.52,4314.33,382.32,0.68,05/12/2021 04:38:21,520
57181.28,4314.56,382.96,0.69,05/12/2021 04:39:21,521
57197.41,4318.81,382.50,0.69,05/12/2021 04:40:21,522
57187.02,4315.92,382.71,0.69,05/12/2021 04:41:22,523
57149.98,4314.11,382.24,0.68,05/12/2021 04:42:23,524
57137.38,4312.34,382.19,0.68,05/12/2021 04:43:23,525
57100.81,4305.65,381.40,0.68,05/12/2021 04:44:24,526
57140.64,4305.13,381.47,0.68,05/12/2021 04:45:24,527
57202.61,4313.99,382.60,0.69,05/12/2021 04:46:24,528
57049.35,4303.85,381.97,0.68,05/12/2021 04:47:25,529
57150.06,4317.61,384.90,0.69,05/12/2021 04:48:25,530
57189.66,4322.16,385.05,0.69,05/12/2021 04:49:26,531
57161.46,4322.14,383.53,0.69,05/12/2021 04:50:26,532
57214.62,4322.34,382.93,0.69,05/12/2021 04:51:27,533
57199.65,4325.04,381.37,0.69,05/12/2021 04:52:27,534
57200.41,4324.02,382.28,0.69,05/12/2021 04:53:28,535
57231.93,4324.82,382.82,0.69,05/12/2021 04:54:28,536
57211.25,4322.05,382.60,0.69,05/12/2021 04:55:29,537
57192.94,4318.54,383.00,0.69,05/12/2021 04:56:29,538
57229.48,4321.62,383.52,0.69,05/12/2021 04:57:29,539
57230.24,4323.86,383.31,0.69,05/12/2021 04:58:30,540
57233.13,4330.77,384.36,0.69,05/12/2021 04:59:30,541
57280.78,4341.62,384.15,0.69,05/12/2021 05:00:31,542
57270.27,4338.07,385.06,0.69,05/12/2021 05:01:31,543
57186.13,4334.03,384.54,0.69,05/12/2021 05:02:32,544
57206.50,4334.60,384.99,0.69,05/12/2021 05:03:32,545
57170.85,4329.03,384.69,0.69,05/12/2021 05:04:33,546
57143.92,4326.85,384.54,0.69,05/12/2021 05:05:33,547
57211.04,4327.01,384.82,0.69,05/12/2021 05:06:34,548
57172.83,4325.55,384.78,0.68,05/12/2021 05:07:34,549
57151.83,4325.60,385.27,0.68,05/12/2021 05:08:34,550
57216.28,4332.85,386.34,0.68,05/12/2021 05:09:35,551
57240.39,4333.88,386.70,0.68,05/12/2021 05:10:35,552
57235.29,4332.98,387.09,0.68,05/12/2021 05:11:36,553
57226.77,4330.80,387.17,0.69,05/12/2021 05:12:36,554
57247.91,4333.79,388.10,0.69,05/12/2021 05:13:37,555
57238.73,4334.72,387.48,0.69,05/12/2021 05:14:37,556
57240.54,4336.26,388.17,0.69,05/12/2021 05:15:38,557
57217.58,4333.81,387.77,0.69,05/12/2021 05:16:38,558
57199.89,4332.96,388.47,0.69,05/12/2021 05:17:39,559
57220.33,4334.85,388.61,0.69,05/12/2021 05:18:39,560
57183.64,4333.88,388.64,0.69,05/12/2021 05:19:40,561
57150.54,4325.74,387.45,0.69,05/12/2021 05:20:40,562
57103.74,4323.35,386.66,0.69,05/12/2021 05:21:40,563
57124.51,4322.81,386.83,0.69,05/12/2021 05:22:41,564
57191.69,4327.77,387.88,0.69,05/12/2021 05:23:41,565
57168.72,4326.20,387.15,0.69,05/12/2021 05:24:41,566
57188.85,4324.32,386.82,0.69,05/12/2021 05:25:42,567
57202.52,4326.22,386.84,0.69,05/12/2021 05:26:42,568
57212.35,4326.97,386.75,0.69,05/12/2021 05:27:43,569
57238.34,4330.28,386.84,0.69,05/12/2021 05:28:43,570
57226.33,4329.50,386.69,0.69,05/12/2021 05:29:43,571
57250.24,4329.83,386.64,0.69,05/12/2021 05:30:44,572
57280.90,4329.62,386.38,0.69,05/12/2021 05:31:44,573
57211.07,4316.34,386.28,0.69,05/12/2021 05:32:45,574
57259.94,4322.48,386.38,0.69,05/12/2021 05:33:45,575
57251.52,4327.50,386.62,0.69,05/12/2021 05:34:45,576
57219.37,4323.37,386.23,0.69,05/12/2021 05:35:46,577
57225.69,4322.10,386.12,0.69,05/12/2021 05:36:46,578
57262.90,4325.96,386.40,0.69,05/12/2021 05:37:47,579
57243.78,4320.85,386.42,0.69,05/12/2021 05:38:47,580
57255.66,4320.83,386.38,0.69,05/12/2021 05:39:48,581
57280.49,4321.19,386.57,0.69,05/12/2021 05:40:48,582
57395.07,4325.52,387.88,0.69,05/12/2021 05:41:48,583
57442.40,4331.30,388.26,0.69,05/12/2021 05:42:49,584
57446.41,4330.94,387.73,0.69,05/12/2021 05:43:49,585
57426.41,4329.52,387.73,0.69,05/12/2021 05:44:50,586
57470.16,4334.66,388.54,0.69,05/12/2021 05:45:50,587
57495.19,4334.01,386.95,0.69,05/12/2021 05:46:50,588
57530.42,4344.54,387.44,0.70,05/12/2021 05:47:51,589
57530.17,4342.82,386.54,0.70,05/12/2021 05:48:51,590
57514.05,4340.36,386.98,0.70,05/12/2021 05:49:52,591
57464.61,4334.39,386.71,0.70,05/12/2021 05:50:52,592
57451.90,4341.37,387.00,0.70,05/12/2021 05:51:52,593
57395.99,4333.94,386.22,0.70,05/12/2021 05:52:53,594
57379.83,4333.41,385.56,0.69,05/12/2021 05:53:54,595
57354.25,4332.47,385.70,0.69,05/12/2021 05:54:54,596
57294.86,4327.55,385.05,0.69,05/12/2021 05:55:55,597
57271.89,4325.79,385.12,0.69,05/12/2021 05:56:55,598
57224.31,4321.75,384.70,0.69,05/12/2021 05:57:55,599
57252.15,4320.78,384.24,0.69,05/12/2021 05:58:56,600
57234.22,4313.34,383.81,0.69,05/12/2021 05:59:57,601
57090.96,4312.41,383.00,0.69,05/12/2021 06:00:57,602
57058.18,4305.13,382.09,0.69,05/12/2021 06:01:57,603
56878.17,4300.04,381.03,0.68,05/12/2021 06:02:58,604
56754.61,4293.39,379.32,0.68,05/12/2021 06:03:58,605
56789.88,4296.92,381.01,0.68,05/12/2021 06:04:59,606
56871.36,4297.60,381.29,0.68,05/12/2021 06:06:00,607
56741.76,4289.39,379.86,0.68,05/12/2021 06:07:00,608
56769.09,4296.16,380.45,0.68,05/12/2021 06:08:00,609
56826.85,4303.80,381.00,0.68,05/12/2021 06:09:01,610
56896.56,4304.92,381.81,0.69,05/12/2021 06:10:01,611
56849.12,4307.30,381.36,0.69,05/12/2021 06:11:02,612
56873.36,4310.34,381.30,0.69,05/12/2021 06:12:02,613
56807.06,4306.50,381.42,0.69,05/12/2021 06:13:02,614
56759.08,4298.74,380.86,0.68,05/12/2021 06:14:03,615
56682.01,4290.03,379.28,0.68,05/12/2021 06:15:03,616
56638.52,4289.36,378.99,0.68,05/12/2021 06:16:04,617
56756.49,4298.38,380.61,0.68,05/12/2021 06:17:04,618
56704.47,4292.64,379.92,0.68,05/12/2021 06:18:05,619
56682.02,4298.04,380.25,0.68,05/12/2021 06:19:05,620
56805.86,4308.99,381.33,0.68,05/12/2021 06:20:05,621
56837.18,4316.01,382.16,0.68,05/12/2021 06:21:06,622
56833.19,4316.85,382.11,0.68,05/12/2021 06:22:06,623
56865.89,4316.66,382.45,0.68,05/12/2021 06:23:07,624
56862.90,4314.19,382.51,0.69,05/12/2021 06:24:07,625
56816.23,4311.62,382.22,0.68,05/12/2021 06:25:07,626
56817.34,4304.12,382.19,0.68,05/12/2021 06:26:08,627
56780.25,4299.52,381.45,0.68,05/12/2021 06:27:08,628
56774.47,4300.72,381.55,0.68,05/12/2021 06:28:08,629
56758.05,4296.14,381.03,0.68,05/12/2021 06:29:09,630
56736.59,4298.64,380.45,0.68,05/12/2021 06:30:09,631
56715.39,4295.78,380.44,0.68,05/12/2021 06:31:09,632
56746.41,4300.80,380.70,0.68,05/12/2021 06:32:10,633
56738.92,4293.75,379.86,0.68,05/12/2021 06:33:10,634
56750.02,4296.08,379.78,0.68,05/12/2021 06:34:11,635
56728.98,4289.20,379.20,0.68,05/12/2021 06:35:11,636
56614.70,4282.71,378.60,0.68,05/12/2021 06:36:12,637
56454.70,4276.05,376.31,0.68,05/12/2021 06:37:12,638
56491.49,4279.43,376.95,0.68,05/12/2021 06:38:13,639
56490.22,4272.95,376.51,0.68,05/12/2021 06:39:13,640
56500.12,4268.45,375.95,0.68,05/12/2021 06:40:13,641
56426.46,4267.90,374.84,0.67,05/12/2021 06:41:14,642
56472.07,4274.75,376.97,0.68,05/12/2021 06:42:14,643
56501.59,4264.60,375.14,0.68,05/12/2021 06:43:15,644
56455.07,4258.18,374.66,0.68,05/12/2021 06:44:15,645
56429.51,4265.80,374.41,0.67,05/12/2021 06:45:15,646
56553.95,4273.73,376.06,0.68,05/12/2021 06:46:16,647
56385.84,4251.74,373.85,0.67,05/12/2021 06:47:16,648
56478.52,4265.90,375.14,0.67,05/12/2021 06:48:17,649
56446.81,4259.81,374.38,0.67,05/12/2021 06:49:17,650
56519.75,4275.00,376.21,0.68,05/12/2021 06:50:17,651
56484.05,4280.53,376.24,0.68,05/12/2021 06:51:18,652
56454.87,4269.78,375.36,0.68,05/12/2021 06:52:18,653
56485.08,4278.51,376.19,0.68,05/12/2021 06:53:19,654
56443.74,4271.96,375.84,0.68,05/12/2021 06:54:19,655
56458.97,4275.27,375.24,0.68,05/12/2021 06:55:19,656
56449.33,4268.53,374.24,0.68,05/12/2021 06:56:20,657
56472.17,4270.91,375.03,0.67,05/12/2021 06:57:20,658
56428.19,4267.33,374.26,0.67,05/12/2021 06:58:21,659
56365.74,4258.31,372.78,0.67,05/12/2021 06:59:23,660
56394.03,4257.08,372.58,0.67,05/12/2021 07:00:23,661
56505.05,4278.99,375.66,0.68,05/12/2021 07:01:24,662
56540.25,4277.97,375.61,0.68,05/12/2021 07:02:24,663
56579.55,4285.03,376.21,0.68,05/12/2021 07:03:24,664
56565.95,4287.73,377.03,0.68,05/12/2021 07:04:25,665
56542.29,4283.64,375.84,0.68,05/12/2021 07:05:26,666
56449.20,4277.34,374.71,0.68,05/12/2021 07:06:27,667
56489.82,4278.85,375.19,0.68,05/12/2021 07:07:27,668
56519.09,4281.77,375.81,0.68,05/12/2021 07:08:27,669
56476.11,4281.49,375.65,0.68,05/12/2021 07:09:28,670
56512.55,4284.93,375.71,0.68,05/12/2021 07:10:28,671
56488.28,4283.63,375.69,0.68,05/12/2021 07:11:29,672
56509.63,4290.49,375.94,0.68,05/12/2021 07:12:29,673
56506.57,4284.29,375.95,0.68,05/12/2021 07:13:30,674
56503.84,4285.15,375.64,0.68,05/12/2021 07:14:30,675
56429.24,4273.41,374.68,0.68,05/12/2021 07:15:31,676
56517.29,4288.47,376.59,0.68,05/12/2021 07:16:31,677
56562.25,4293.03,376.99,0.68,05/12/2021 07:17:31,678
56606.68,4300.67,377.27,0.68,05/12/2021 07:18:32,679
56633.47,4307.67,377.55,0.68,05/12/2021 07:19:32,680
56633.98,4303.53,377.78,0.68,05/12/2021 07:20:33,681
56619.66,4302.74,377.88,0.68,05/12/2021 07:21:33,682
56624.27,4298.07,377.42,0.68,05/12/2021 07:22:34,683
56581.61,4295.10,377.62,0.68,05/12/2021 07:23:34,684
56551.09,4295.02,377.64,0.68,05/12/2021 07:24:35,685
56603.83,4293.96,377.66,0.68,05/12/2021 07:25:35,686
56541.85,4288.39,377.52,0.68,05/12/2021 07:26:36,687
56565.04,4293.00,377.85,0.68,05/12/2021 07:27:36,688
56577.15,4289.64,377.91,0.68,05/12/2021 07:28:37,689
56559.86,4284.57,377.56,0.68,05/12/2021 07:29:37,690
56528.24,4276.26,376.27,0.68,05/12/2021 07:30:38,691
56573.80,4277.43,376.65,0.68,05/12/2021 07:31:38,692
56596.91,4280.04,377.35,0.68,05/12/2021 07:32:39,693
56573.61,4273.79,377.03,0.68,05/12/2021 07:33:39,694
56553.69,4271.25,376.21,0.68,05/12/2021 07:34:39,695
56593.33,4278.30,376.96,0.68,05/12/2021 07:35:40,696
56622.90,4278.46,377.73,0.68,05/12/2021 07:36:40,697
56662.15,4285.99,377.56,0.68,05/12/2021 07:37:41,698
56669.43,4280.65,377.59,0.68,05/12/2021 07:38:41,699
56643.67,4276.81,377.69,0.68,05/12/2021 07:39:41,700
56690.67,4278.63,377.65,0.68,05/12/2021 07:40:42,701
56698.54,4288.52,378.09,0.68,05/12/2021 07:41:42,702
56666.61,4281.55,377.81,0.68,05/12/2021 07:42:42,703
56709.45,4283.84,378.10,0.68,05/12/2021 07:43:43,704
56728.33,4287.00,378.25,0.68,05/12/2021 07:44:44,705
56712.35,4287.39,377.85,0.69,05/12/2021 07:45:44,706
56730.30,4286.32,378.19,0.68,05/12/2021 07:46:45,707
56751.37,4290.86,378.52,0.69,05/12/2021 07:47:45,708
56817.08,4298.49,378.86,0.69,05/12/2021 07:48:45,709
56790.63,4296.31,378.24,0.69,05/12/2021 07:49:46,710
56732.26,4291.68,378.02,0.69,05/12/2021 07:50:46,711
56761.84,4293.79,378.50,0.69,05/12/2021 07:51:47,712
56777.35,4299.55,378.95,0.69,05/12/2021 07:52:48,713
56799.97,4299.41,378.70,0.68,05/12/2021 07:53:49,714
56839.80,4305.88,378.96,0.68,05/12/2021 07:54:49,715
56776.83,4305.72,378.36,0.68,05/12/2021 07:55:50,716
56805.90,4306.30,378.96,0.68,05/12/2021 07:56:51,717
56843.40,4309.30,378.92,0.68,05/12/2021 07:57:51,718
56836.31,4305.63,379.01,0.69,05/12/2021 07:58:52,719
56800.96,4305.30,378.71,0.68,05/12/2021 07:59:52,720
56733.52,4299.92,377.78,0.68,05/12/2021 08:00:53,721
56682.01,4292.66,376.86,0.68,05/12/2021 08:01:53,722
56721.41,4296.56,377.93,0.68,05/12/2021 08:02:54,723
56671.02,4293.35,377.07,0.68,05/12/2021 08:03:54,724
56650.44,4284.69,376.62,0.68,05/12/2021 08:04:55,725
56599.88,4284.34,375.79,0.68,05/12/2021 08:05:55,726
56634.66,4287.37,376.14,0.68,05/12/2021 08:06:55,727
56704.27,4293.54,376.79,0.68,05/12/2021 08:07:56,728
56810.12,4299.09,377.63,0.68,05/12/2021 08:08:56,729
56893.26,4307.91,378.24,0.69,05/12/2021 08:09:56,730
56858.98,4301.00,377.68,0.68,05/12/2021 08:10:57,731
56862.81,4297.80,377.15,0.68,05/12/2021 08:11:57,732
56808.10,4303.77,377.07,0.68,05/12/2021 08:12:57,733
56809.55,4302.43,376.34,0.68,05/12/2021 08:13:58,734
56789.97,4300.42,376.31,0.68,05/12/2021 08:14:59,735
56805.44,4301.47,376.24,0.68,05/12/2021 08:15:59,736
56742.30,4296.55,375.66,0.68,05/12/2021 08:17:00,737
56826.79,4304.74,376.74,0.68,05/12/2021 08:18:00,738
56836.58,4307.43,377.08,0.68,05/12/2021 08:19:01,739
56949.16,4315.54,377.94,0.69,05/12/2021 08:20:01,740
56928.87,4313.45,377.32,0.69,05/12/2021 08:21:03,741
56922.67,4315.82,377.74,0.69,05/12/2021 08:22:03,742
56926.41,4318.67,377.68,0.69,05/12/2021 08:23:04,743
56913.16,4323.41,377.90,0.69,05/12/2021 08:24:04,744
56919.41,4326.19,378.14,0.69,05/12/2021 08:25:05,745
56922.38,4323.86,378.18,0.69,05/12/2021 08:26:05,746
56933.77,4323.61,378.43,0.69,05/12/2021 08:27:06,747
56940.43,4325.73,379.00,0.69,05/12/2021 08:28:06,748
56951.81,4325.79,379.01,0.69,05/12/2021 08:29:06,749
56982.27,4331.04,379.13,0.69,05/12/2021 08:30:07,750
56713.57,4307.89,377.76,0.68,05/12/2021 08:31:08,751
56643.54,4306.07,376.88,0.68,05/12/2021 08:32:08,752
56649.89,4305.82,376.78,0.68,05/12/2021 08:33:09,753
56590.66,4302.15,375.72,0.68,05/12/2021 08:34:10,754
56573.02,4298.28,374.90,0.68,05/12/2021 08:35:11,755
56559.71,4290.48,374.34,0.68,05/12/2021 08:36:11,756
56592.15,4295.12,375.31,0.68,05/12/2021 08:37:11,757
56542.27,4290.47,375.00,0.68,05/12/2021 08:38:12,758
56650.33,4300.45,376.05,0.68,05/12/2021 08:39:12,759
56685.37,4307.37,376.89,0.68,05/12/2021 08:40:13,760
56708.94,4307.18,377.24,0.68,05/12/2021 08:41:13,761
56729.82,4316.17,378.12,0.68,05/12/2021 08:42:14,762
56703.05,4315.10,376.96,0.68,05/12/2021 08:43:14,763
56655.80,4311.29,376.59,0.68,05/12/2021 08:44:14,764
56796.70,4324.17,377.97,0.68,05/12/2021 08:45:15,765
56843.71,4327.34,378.32,0.68,05/12/2021 08:46:15,766
56849.60,4333.47,378.36,0.68,05/12/2021 08:47:16,767
56849.31,4335.94,378.41,0.69,05/12/2021 08:48:16,768
56885.39,4343.92,378.28,0.69,05/12/2021 08:49:16,769
56817.89,4338.27,377.41,0.68,05/12/2021 08:50:17,770
56799.38,4331.45,376.59,0.68,05/12/2021 08:51:17,771
56702.84,4324.40,375.53,0.68,05/12/2021 08:52:18,772
56772.11,4336.40,375.53,0.68,05/12/2021 08:53:18,773
56777.70,4330.80,375.92,0.68,05/12/2021 08:54:19,774
56762.59,4325.91,375.27,0.68,05/12/2021 08:55:19,775
56796.80,4327.93,375.51,0.68,05/12/2021 08:56:19,776
56717.77,4329.77,375.37,0.68,05/12/2021 08:57:20,777
56703.25,4328.39,375.40,0.68,05/12/2021 08:58:20,778
56719.62,4326.45,375.73,0.68,05/12/2021 08:59:21,779
56691.95,4321.72,375.54,0.68,05/12/2021 09:00:21,780
56622.85,4319.27,375.18,0.68,05/12/2021 09:01:22,781
56602.60,4314.42,375.32,0.68,05/12/2021 09:02:22,782
56640.75,4324.54,375.71,0.68,05/12/2021 09:03:22,783
56771.11,4331.54,377.19,0.68,05/12/2021 09:04:23,784
56724.46,4328.17,377.54,0.68,05/12/2021 09:05:23,785
56643.09,4316.53,376.69,0.68,05/12/2021 09:06:23,786
56661.16,4319.59,376.96,0.68,05/12/2021 09:07:24,787
56664.37,4322.88,377.04,0.68,05/12/2021 09:08:24,788
56629.49,4320.04,376.30,0.68,05/12/2021 09:09:25,789
56522.26,4313.43,374.99,0.68,05/12/2021 09:10:25,790
56579.83,4315.48,374.39,0.68,05/12/2021 09:11:26,791
56500.79,4304.13,373.93,0.68,05/12/2021 09:12:27,792
56518.83,4307.55,372.93,0.68,05/12/2021 09:13:27,793
56511.61,4309.15,372.81,0.68,05/12/2021 09:14:28,794
56531.19,4312.24,372.09,0.68,05/12/2021 09:15:28,795
56546.38,4312.65,372.75,0.68,05/12/2021 09:16:28,796
56522.22,4307.53,372.62,0.68,05/12/2021 09:17:29,797
56406.13,4299.78,372.06,0.68,05/12/2021 09:18:30,798
56397.45,4296.32,369.55,0.67,05/12/2021 09:19:30,799
56442.38,4303.06,370.68,0.67,05/12/2021 09:20:31,800
56423.40,4294.42,369.19,0.67,05/12/2021 09:21:31,801
56360.82,4286.43,367.61,0.67,05/12/2021 09:22:32,802
56320.24,4286.17,367.24,0.67,05/12/2021 09:23:32,803
56217.42,4274.37,365.01,0.67,05/12/2021 09:24:33,804
56256.92,4277.23,366.20,0.67,05/12/2021 09:25:33,805
56264.51,4279.24,366.49,0.67,05/12/2021 09:26:34,806
56288.27,4276.04,366.47,0.66,05/12/2021 09:27:34,807
56304.99,4281.63,367.32,0.66,05/12/2021 09:28:35,808
56263.38,4276.73,366.47,0.66,05/12/2021 09:29:36,809
56151.37,4268.14,365.22,0.66,05/12/2021 09:30:36,810
56226.25,4270.88,366.12,0.66,05/12/2021 09:31:37,811
56231.07,4275.29,366.89,0.67,05/12/2021 09:32:38,812
56388.85,4289.83,367.70,0.67,05/12/2021 09:33:38,813
56489.17,4298.38,369.57,0.67,05/12/2021 09:34:38,814
56551.49,4297.31,370.01,0.67,05/12/2021 09:35:39,815
56539.68,4297.70,370.14,0.67,05/12/2021 09:36:41,816
56604.98,4300.71,371.13,0.67,05/12/2021 09:37:42,817
56637.99,4303.21,371.54,0.68,05/12/2021 09:38:43,818
56621.27,4299.93,371.32,0.68,05/12/2021 09:39:43,819
56547.44,4294.82,370.48,0.67,05/12/2021 09:40:44,820
56554.93,4293.80,370.35,0.67,05/12/2021 09:41:44,821
56649.23,4306.26,370.61,0.67,05/12/2021 09:42:45,822
56682.00,4311.41,371.33,0.68,05/12/2021 09:43:45,823
56702.51,4310.08,371.49,0.68,05/12/2021 09:44:45,824
56921.57,4329.40,373.49,0.68,05/12/2021 09:45:46,825
57040.03,4333.56,374.50,0.68,05/12/2021 09:46:47,826
57093.01,4330.49,375.07,0.68,05/12/2021 09:47:47,827
57082.50,4326.23,374.38,0.68,05/12/2021 09:48:48,828
57174.44,4329.74,374.93,0.68,05/12/2021 09:49:48,829
57158.68,4327.31,374.60,0.68,05/12/2021 09:50:49,830
57172.50,4331.71,375.11,0.68,05/12/2021 09:51:49,831
57126.41,4338.09,375.17,0.68,05/12/2021 09:52:50,832
57065.65,4333.53,373.93,0.68,05/12/2021 09:53:50,833
57116.08,4333.70,376.25,0.68,05/12/2021 09:54:51,834
57099.71,4334.40,375.15,0.68,05/12/2021 09:55:51,835
57080.72,4331.90,374.77,0.68,05/12/2021 09:56:52,836
57054.02,4332.23,374.84,0.68,05/12/2021 09:57:52,837
57097.56,4336.83,375.12,0.68,05/12/2021 09:58:53,838
57110.81,4336.49,375.68,0.68,05/12/2021 09:59:53,839
57088.24,4338.69,374.56,0.68,05/12/2021 10:00:54,840
57024.80,4332.88,374.38,0.68,05/12/2021 10:01:55,841
57032.67,4331.14,374.57,0.68,05/12/2021 10:02:55,842
57001.17,4329.64,374.01,0.68,05/12/2021 10:03:56,843
56934.07,4329.60,373.54,0.68,05/12/2021 10:04:56,844
56976.45,4329.95,373.08,0.68,05/12/2021 10:05:57,845
56893.05,4325.56,372.29,0.68,05/12/2021 10:06:57,846
56885.14,4320.75,371.64,0.67,05/12/2021 10:07:59,847
56918.68,4319.34,372.31,0.67,05/12/2021 10:08:59,848
56926.74,4326.60,373.48,0.68,05/12/2021 10:10:00,849
57004.93,4332.59,373.99,0.68,05/12/2021 10:11:00,850
56965.88,4326.95,373.02,0.68,05/12/2021 10:12:01,851
57037.51,4330.57,372.20,0.68,05/12/2021 10:13:01,852
57061.91,4333.85,372.66,0.68,05/12/2021 10:14:02,853
57011.75,4333.12,372.19,0.68,05/12/2021 10:15:03,854
56997.68,4331.14,371.94,0.68,05/12/2021 10:16:03,855
56992.06,4328.94,370.81,0.68,05/12/2021 10:17:04,856
56949.28,4329.86,370.57,0.67,05/12/2021 10:18:04,857
56962.78,4330.14,370.95,0.67,05/12/2021 10:19:05,858
56986.37,4335.75,373.23,0.67,05/12/2021 10:20:05,859
57067.45,4353.32,374.53,0.68,05/12/2021 10:21:06,860
57156.42,4368.56,374.77,0.68,05/12/2021 10:22:06,861
57161.08,4366.99,375.17,0.68,05/12/2021 10:23:07,862
57184.21,4378.24,375.38,0.68,05/12/2021 10:24:08,863
57220.13,4379.26,376.00,0.68,05/12/2021 10:25:08,864
57218.69,4377.45,375.79,0.68,05/12/2021 10:26:08,865
57245.05,4390.86,375.79,0.68,05/12/2021 10:27:09,866
57222.05,4395.85,375.89,0.68,05/12/2021 10:28:10,867
57194.40,4382.95,376.32,0.68,05/12/2021 10:29:11,868
57102.55,4373.28,376.07,0.68,05/12/2021 10:30:12,869
57163.60,4396.86,376.70,0.68,05/12/2021 10:31:12,870
57123.11,4392.94,376.40,0.68,05/12/2021 10:32:13,871
57117.46,4392.07,376.88,0.68,05/12/2021 10:33:14,872
57067.46,4390.42,376.78,0.68,05/12/2021 10:34:14,873
57112.63,4394.53,376.15,0.68,05/12/2021 10:35:15,874
57094.27,4389.19,375.96,0.68,05/12/2021 10:36:15,875
57092.99,4389.04,376.21,0.68,05/12/2021 10:37:16,876
57090.05,4387.16,376.00,0.68,05/12/2021 10:38:16,877
57028.04,4389.16,375.59,0.68,05/12/2021 10:39:16,878
57040.63,4386.94,375.04,0.68,05/12/2021 10:40:17,879
56995.25,4379.62,374.81,0.68,05/12/2021 10:41:18,880
56962.84,4369.85,373.82,0.68,05/12/2021 10:42:18,881
56930.26,4366.39,373.60,0.68,05/12/2021 10:43:19,882
56888.93,4361.44,373.76,0.68,05/12/2021 10:44:19,883
56795.19,4350.84,372.95,0.68,05/12/2021 10:45:20,884
56787.24,4356.03,373.04,0.68,05/12/2021 10:46:20,885
56673.69,4354.17,371.89,0.68,05/12/2021 10:47:21,886
56648.08,4354.48,371.28,0.67,05/12/2021 10:48:21,887
56621.94,4351.57,371.41,0.67,05/12/2021 10:49:22,888
56518.51,4347.35,370.50,0.67,05/12/2021 10:50:22,889
56506.12,4339.77,370.71,0.67,05/12/2021 10:51:23,890
56549.25,4347.05,371.25,0.68,05/12/2021 10:52:23,891
56530.99,4343.56,370.89,0.68,05/12/2021 10:53:24,892
56559.44,4351.16,372.65,0.68,05/12/2021 10:54:24,893
56525.90,4344.58,371.51,0.68,05/12/2021 10:55:25,894
56547.16,4352.67,372.15,0.68,05/12/2021 10:56:25,895
56421.09,4342.84,370.73,0.67,05/12/2021 10:57:26,896
56521.84,4356.51,372.42,0.68,05/12/2021 10:58:26,897
56424.61,4346.22,371.05,0.67,05/12/2021 10:59:27,898
56376.43,4344.18,370.90,0.67,05/12/2021 11:00:27,899
56364.11,4338.09,370.47,0.67,05/12/2021 11:01:28,900
56425.11,4331.06,370.72,0.67,05/12/2021 11:02:28,901
56389.89,4330.90,370.87,0.67,05/12/2021 11:03:29,902
56446.23,4321.50,371.40,0.67,05/12/2021 11:04:29,903
56342.04,4302.81,370.03,0.67,05/12/2021 11:05:29,904
56280.19,4296.92,366.75,0.67,05/12/2021 11:06:30,905
56266.17,4287.74,366.42,0.67,05/12/2021 11:07:30,906
56152.15,4271.60,365.16,0.67,05/12/2021 11:08:31,907
56093.65,4256.08,364.82,0.66,05/12/2021 11:09:31,908
56135.59,4277.23,365.28,0.67,05/12/2021 11:10:32,909
56029.31,4268.38,363.38,0.66,05/12/2021 11:11:33,910
56043.99,4274.57,364.82,0.66,05/12/2021 11:12:34,911
56130.71,4292.59,367.07,0.67,05/12/2021 11:13:34,912
56155.87,4295.04,366.61,0.67,05/12/2021 11:14:35,913
56278.19,4294.44,367.53,0.67,05/12/2021 11:15:36,914
56269.31,4301.36,367.85,0.67,05/12/2021 11:16:36,915
56143.66,4300.31,367.39,0.67,05/12/2021 11:17:37,916
56131.01,4293.32,366.76,0.67,05/12/2021 11:18:37,917
56030.87,4281.13,365.91,0.66,05/12/2021 11:19:38,918
56170.21,4298.26,367.55,0.67,05/12/2021 11:20:38,919
56093.09,4289.95,367.00,0.67,05/12/2021 11:21:39,920
56012.10,4284.29,365.76,0.66,05/12/2021 11:22:39,921
55965.52,4279.53,364.85,0.66,05/12/2021 11:23:40,922
55975.91,4273.37,365.06,0.66,05/12/2021 11:24:40,923
55991.82,4275.93,365.36,0.66,05/12/2021 11:25:41,924
55944.03,4267.52,363.92,0.66,05/12/2021 11:26:41,925
55898.35,4263.55,363.17,0.66,05/12/2021 11:27:41,926
55892.81,4261.08,361.70,0.66,05/12/2021 11:28:42,927
55866.75,4260.16,361.65,0.66,05/12/2021 11:29:42,928
55998.99,4264.58,362.77,0.66,05/12/2021 11:30:43,929
55907.44,4257.29,361.87,0.66,05/12/2021 11:31:43,930
55848.58,4242.80,360.44,0.66,05/12/2021 11:32:44,931
55777.55,4222.14,359.08,0.66,05/12/2021 11:33:44,932
55731.87,4185.93,358.63,0.65,05/12/2021 11:34:45,933
55753.72,4209.23,360.18,0.65,05/12/2021 11:35:45,934
55777.05,4221.91,359.92,0.65,05/12/2021 11:36:46,935
55819.18,4219.14,360.93,0.65,05/12/2021 11:37:46,936
55841.42,4218.11,361.16,0.66,05/12/2021 11:38:47,937
55994.10,4235.07,362.60,0.66,05/12/2021 11:39:47,938
55993.43,4243.31,363.68,0.66,05/12/2021 11:40:48,939
56030.01,4240.29,363.54,0.66,05/12/2021 11:41:48,940
56113.30,4240.97,364.77,0.66,05/12/2021 11:42:49,941
56092.09,4243.01,364.42,0.66,05/12/2021 11:43:49,942
56076.11,4246.12,364.47,0.66,05/12/2021 11:44:50,943
56086.95,4245.85,364.56,0.66,05/12/2021 11:45:50,944
55929.65,4228.74,362.83,0.66,05/12/2021 11:46:51,945
56045.09,4240.05,364.15,0.66,05/12/2021 11:47:51,946
55934.39,4230.08,362.69,0.66,05/12/2021 11:48:52,947
55958.81,4228.49,362.39,0.66,05/12/2021 11:49:52,948
55850.11,4209.72,360.54,0.66,05/12/2021 11:50:53,949
55893.32,4217.09,361.90,0.66,05/12/2021 11:51:54,950
55871.57,4211.40,361.44,0.66,05/12/2021 11:52:55,951
55876.92,4220.34,362.68,0.66,05/12/2021 11:53:55,952
55908.15,4227.13,363.22,0.66,05/12/2021 11:54:55,953
55936.93,4228.68,363.24,0.66,05/12/2021 11:55:56,954
55923.89,4235.94,362.94,0.66,05/12/2021 11:56:57,955
55921.88,4233.42,363.74,0.66,05/12/2021 11:57:57,956
55845.25,4221.28,362.21,0.66,05/12/2021 11:58:57,957
55788.10,4212.48,361.43,0.66,05/12/2021 11:59:58,958
55701.95,4212.29,359.92,0.66,05/12/2021 12:00:58,959
55558.22,4199.22,357.68,0.65,05/12/2021 12:01:59,960
55541.57,4189.55,357.72,0.65,05/12/2021 12:02:59,961
55741.75,4230.70,361.14,0.65,05/12/2021 12:04:00,962
55814.41,4233.77,363.03,0.66,05/12/2021 12:05:00,963
55753.38,4215.61,361.28,0.65,05/12/2021 12:06:01,964
55855.70,4224.95,363.46,0.65,05/12/2021 12:07:02,965
55902.12,4240.80,363.97,0.66,05/12/2021 12:08:02,966
55957.55,4236.53,364.55,0.66,05/12/2021 12:09:03,967
55805.49,4222.39,362.39,0.65,05/12/2021 12:10:03,968
55702.06,4210.91,361.01,0.65,05/12/2021 12:11:04,969
55681.97,4216.76,360.20,0.65,05/12/2021 12:12:04,970
55644.12,4206.35,360.55,0.65,05/12/2021 12:13:05,971
55613.79,4200.51,361.51,0.65,05/12/2021 12:14:06,972
55528.25,4187.95,360.07,0.65,05/12/2021 12:15:06,973
55428.67,4176.33,359.42,0.65,05/12/2021 12:16:07,974
55232.82,4148.17,357.26,0.65,05/12/2021 12:17:07,975
55202.63,4138.70,357.28,0.65,05/12/2021 12:18:08,976
55258.77,4144.94,356.96,0.65,05/12/2021 12:19:09,977
55340.58,4156.19,357.23,0.65,05/12/2021 12:20:09,978
55243.59,4136.25,355.57,0.65,05/12/2021 12:21:10,979
55074.00,4130.31,354.65,0.65,05/12/2021 12:22:10,980
55132.75,4132.39,355.02,0.65,05/12/2021 12:23:11,981
55275.88,4148.11,356.65,0.65,05/12/2021 12:24:12,982
55261.35,4147.15,356.62,0.65,05/12/2021 12:25:12,983
55368.56,4160.69,357.27,0.65,05/12/2021 12:26:13,984
55433.25,4160.25,357.76,0.65,05/12/2021 12:27:13,985
55439.96,4166.20,357.67,0.65,05/12/2021 12:28:13,986
55481.26,4172.87,358.87,0.65,05/12/2021 12:29:14,987
55381.37,4165.02,356.15,0.65,05/12/2021 12:30:15,988
55246.86,4150.28,356.05,0.65,05/12/2021 12:31:15,989
55447.98,4175.27,357.98,0.65,05/12/2021 12:32:15,990
55340.64,4158.62,356.18,0.65,05/12/2021 12:33:16,991
55272.60,4158.02,354.81,0.65,05/12/2021 12:34:16,992
55296.75,4154.63,355.61,0.65,05/12/2021 12:35:17,993
55241.16,4136.67,353.55,0.65,05/12/2021 12:36:17,994
55221.56,4141.20,353.32,0.65,05/12/2021 12:37:17,995
55181.72,4143.40,352.81,0.65,05/12/2021 12:38:18,996
55127.33,4127.99,353.05,0.64,05/12/2021 12:39:18,997
55045.47,4128.24,353.07,0.64,05/12/2021 12:40:19,998
54991.47,4110.01,350.56,0.64,05/12/2021 12:41:20,999
54998.73,4117.35,349.79,0.64,05/12/2021 12:42:20,1000
54845.75,4108.09,348.58,0.64,05/12/2021 12:43:20,1001
54921.87,4104.69,348.58,0.64,05/12/2021 12:44:21,1002
54817.10,4101.04,347.79,0.64,05/12/2021 12:45:21,1003
54754.66,4098.39,346.41,0.64,05/12/2021 12:46:22,1004
54892.73,4129.07,349.19,0.64,05/12/2021 12:47:22,1005
54978.52,4141.35,351.73,0.65,05/12/2021 12:48:23,1006
55023.50,4139.66,352.38,0.65,05/12/2021 12:49:23,1007
55152.56,4153.39,353.99,0.65,05/12/2021 12:50:24,1008
55117.43,4146.55,354.03,0.65,05/12/2021 12:51:24,1009
55124.01,4148.83,353.73,0.65,05/12/2021 12:52:24,1010
55171.64,4147.52,353.26,0.65,05/12/2021 12:53:25,1011
55235.95,4156.57,354.55,0.65,05/12/2021 12:54:25,1012
55212.19,4157.53,353.42,0.65,05/12/2021 12:55:26,1013
55176.37,4154.41,353.82,0.65,05/12/2021 12:56:27,1014
55175.97,4152.29,353.72,0.65,05/12/2021 12:57:27,1015
55140.88,4157.16,353.89,0.65,05/12/2021 12:58:27,1016
55249.88,4166.79,356.01,0.65,05/12/2021 12:59:28,1017
55327.97,4174.37,356.42,0.65,05/12/2021 13:00:28,1018
55474.06,4192.72,357.76,0.65,05/12/2021 13:01:29,1019
55489.76,4195.22,357.37,0.66,05/12/2021 13:02:30,1020
55558.84,4203.49,358.50,0.66,05/12/2021 13:03:30,1021
55559.10,4204.95,358.72,0.66,05/12/2021 13:04:31,1022
55610.08,4212.38,358.50,0.66,05/12/2021 13:05:31,1023
55535.97,4200.90,357.36,0.66,05/12/2021 13:06:32,1024
55569.25,4209.53,358.46,0.66,05/12/2021 13:07:32,1025
55475.38,4199.53,358.22,0.66,05/12/2021 13:08:33,1026
55516.84,4207.28,358.36,0.66,05/12/2021 13:09:33,1027
55507.74,4210.24,358.08,0.66,05/12/2021 13:10:34,1028
55512.92,4215.76,358.61,0.66,05/12/2021 13:11:34,1029
55413.58,4206.05,357.21,0.66,05/12/2021 13:12:35,1030
55475.57,4208.67,356.98,0.66,05/12/2021 13:13:36,1031
55442.14,4200.86,357.11,0.66,05/12/2021 13:14:36,1032
55391.49,4182.23,354.90,0.66,05/12/2021 13:15:37,1033
55227.05,4160.66,352.67,0.65,05/12/2021 13:16:38,1034
55201.91,4159.38,352.85,0.65,05/12/2021 13:17:38,1035
55145.21,4149.78,352.51,0.65,05/12/2021 13:18:39,1036
55039.77,4138.13,351.58,0.65,05/12/2021 13:19:39,1037
55161.79,4158.55,353.50,0.65,05/12/2021 13:20:39,1038
55327.84,4166.85,355.26,0.66,05/12/2021 13:21:40,1039
55397.22,4175.50,356.35,0.66,05/12/2021 13:22:41,1040
55374.61,4168.44,355.48,0.65,05/12/2021 13:23:41,1041
55276.99,4163.09,355.19,0.66,05/12/2021 13:24:42,1042
55226.94,4155.25,354.01,0.65,05/12/2021 13:25:42,1043
55367.62,4170.17,355.67,0.66,05/12/2021 13:26:43,1044
55252.19,4159.67,354.50,0.65,05/12/2021 13:27:44,1045
55301.90,4169.17,355.65,0.66,05/12/2021 13:28:44,1046
55346.73,4174.27,355.54,0.66,05/12/2021 13:29:44,1047
55396.67,4180.30,356.00,0.66,05/12/2021 13:30:45,1048
55487.82,4189.78,356.91,0.66,05/12/2021 13:31:46,1049
55367.79,4169.78,355.07,0.66,05/12/2021 13:32:46,1050
55273.11,4166.95,353.93,0.66,05/12/2021 13:33:47,1051
55328.08,4170.03,354.48,0.66,05/12/2021 13:34:47,1052
55333.41,4179.12,355.82,0.66,05/12/2021 13:35:48,1053
55441.21,4191.96,356.09,0.66,05/12/2021 13:36:48,1054
55477.78,4195.78,356.67,0.66,05/12/2021 13:37:49,1055
55522.74,4198.86,356.68,0.66,05/12/2021 13:38:49,1056
55492.04,4192.71,356.71,0.66,05/12/2021 13:39:50,1057
55409.71,4185.71,355.64,0.66,05/12/2021 13:40:50,1058
55430.40,4194.21,356.21,0.66,05/12/2021 13:41:51,1059
55478.46,4192.77,356.43,0.66,05/12/2021 13:42:52,1060
55411.06,4186.57,356.53,0.66,05/12/2021 13:43:52,1061
55386.63,4187.79,356.58,0.66,05/12/2021 13:44:53,1062
55358.18,4189.05,355.67,0.66,05/12/2021 13:45:53,1063
55281.34,4178.78,355.27,0.66,05/12/2021 13:46:54,1064
55273.79,4175.57,355.08,0.65,05/12/2021 13:47:54,1065
55225.56,4163.41,353.88,0.65,05/12/2021 13:48:55,1066
55210.63,4171.76,354.31,0.65,05/12/2021 13:49:56,1067
55183.92,4161.85,353.28,0.66,05/12/2021 13:50:56,1068
55129.29,4152.62,353.42,0.66,05/12/2021 13:51:57,1069
55252.00,4167.68,354.19,0.66,05/12/2021 13:52:58,1070
55275.00,4169.37,354.95,0.66,05/12/2021 13:54:00,1071
55303.25,4168.61,354.87,0.66,05/12/2021 13:55:00,1072
55361.94,4181.83,356.78,0.66,05/12/2021 13:56:01,1073
55339.16,4176.58,356.02,0.66,05/12/2021 13:57:01,1074
55231.02,4164.30,355.22,0.66,05/12/2021 13:58:02,1075
55179.80,4166.58,355.04,0.66,05/12/2021 13:59:03,1076
55183.40,4169.96,355.26,0.66,05/12/2021 14:00:03,1077
55151.56,4162.54,354.23,0.65,05/12/2021 14:01:04,1078
55172.39,4162.54,353.54,0.65,05/12/2021 14:02:05,1079
55167.82,4156.81,353.48,0.65,05/12/2021 14:03:05,1080
55348.58,4173.67,355.04,0.66,05/12/2021 14:04:06,1081
55341.86,4178.22,356.01,0.66,05/12/2021 14:05:06,1082
55350.44,4179.33,355.64,0.66,05/12/2021 14:06:07,1083
55420.96,4190.60,357.33,0.66,05/12/2021 14:07:08,1084
55366.11,4181.72,356.33,0.66,05/12/2021 14:08:08,1085
55289.52,4165.74,354.31,0.66,05/12/2021 14:09:09,1086
55194.61,4159.43,353.86,0.65,05/12/2021 14:10:09,1087
55062.32,4148.62,352.60,0.65,05/12/2021 14:11:10,1088
54933.28,4137.48,351.18,0.65,05/12/2021 14:12:10,1089
54910.24,4125.78,350.67,0.65,05/12/2021 14:13:11,1090
54949.53,4128.29,349.75,0.65,05/12/2021 14:14:11,1091
54895.43,4132.46,350.11,0.65,05/12/2021 14:15:12,1092
54571.11,4098.25,348.10,0.65,05/12/2021 14:16:12,1093
54561.56,4112.62,348.57,0.64,05/12/2021 14:17:13,1094
54433.34,4083.53,346.97,0.64,05/12/2021 14:18:13,1095
54440.85,4096.59,345.83,0.64,05/12/2021 14:19:14,1096
54466.01,4083.42,345.26,0.64,05/12/2021 14:20:14,1097
54382.66,4074.43,345.10,0.64,05/12/2021 14:21:15,1098
54429.87,4082.80,345.83,0.64,05/12/2021 14:22:15,1099
54561.97,4094.87,348.74,0.64,05/12/2021 14:23:17,1100
54661.95,4105.58,349.34,0.65,05/12/2021 14:24:17,1101
54590.41,4088.50,348.68,0.64,05/12/2021 14:25:18,1102
54613.82,4089.52,348.14,0.64,05/12/2021 14:26:18,1103
54700.98,4092.00,348.82,0.64,05/12/2021 14:27:19,1104
54671.42,4091.38,349.66,0.65,05/12/2021 14:28:19,1105
54723.54,4091.41,350.79,0.65,05/12/2021 14:29:20,1106
54578.21,4091.98,349.96,0.64,05/12/2021 14:30:21,1107
54318.00,4054.69,348.70,0.64,05/12/2021 14:31:21,1108
54256.22,4048.10,347.13,0.64,05/12/2021 14:32:21,1109
54246.20,4058.40,347.31,0.64,05/12/2021 14:33:22,1110
54362.96,4046.77,346.40,0.64,05/12/2021 14:34:22,1111
54454.93,4079.67,348.23,0.64,05/12/2021 14:35:23,1112
54217.36,4048.83,345.13,0.64,05/12/2021 14:36:23,1113
54307.48,4049.25,345.50,0.64,05/12/2021 14:37:24,1114
54318.04,4042.74,345.86,0.64,05/12/2021 14:38:25,1115
54361.92,4045.52,346.60,0.64,05/12/2021 14:39:26,1116
54220.35,4020.01,344.21,0.64,05/12/2021 14:40:26,1117
54077.91,4021.71,342.44,0.64,05/12/2021 14:41:27,1118
54006.41,3997.95,341.88,0.64,05/12/2021 14:42:28,1119
54078.65,3992.32,342.33,0.64,05/12/2021 14:43:29,1120
54298.96,4027.99,345.08,0.64,05/12/2021 14:44:29,1121
54459.51,4062.41,347.58,0.64,05/12/2021 14:45:30,1122
54573.85,4055.82,349.16,0.64,05/12/2021 14:46:30,1123
54452.34,4029.20,347.19,0.64,05/12/2021 14:47:31,1124
54585.01,4057.11,350.91,0.65,05/12/2021 14:48:32,1125
54660.68,4067.73,351.42,0.65,05/12/2021 14:49:33,1126
54591.19,4059.49,350.20,0.65,05/12/2021 14:50:33,1127
54502.14,4047.11,349.12,0.65,05/12/2021 14:51:33,1128
54493.93,4043.59,348.94,0.65,05/12/2021 14:52:34,1129
54329.18,4026.89,347.31,0.64,05/12/2021 14:53:34,1130
54320.48,4034.23,349.05,0.64,05/12/2021 14:54:35,1131
54322.46,4024.93,347.73,0.64,05/12/2021 14:55:36,1132
54343.12,4021.29,348.12,0.64,05/12/2021 14:56:37,1133
54476.94,4044.12,349.90,0.64,05/12/2021 14:57:37,1134
54529.21,4048.93,350.40,0.65,05/12/2021 14:58:38,1135
54427.21,4037.45,349.07,0.64,05/12/2021 14:59:38,1136
54255.50,4015.97,347.59,0.64,05/12/2021 15:00:39,1137
54350.84,4022.61,348.10,0.64,05/12/2021 15:01:39,1138
54187.10,4008.55,346.78,0.64,05/12/2021 15:02:40,1139
54221.18,4012.98,346.82,0.64,05/12/2021 15:03:40,1140
54359.49,4026.50,348.66,0.64,05/12/2021 15:04:41,1141
54256.07,4009.88,347.31,0.64,05/12/2021 15:05:41,1142
54186.28,3998.52,346.95,0.64,05/12/2021 15:06:42,1143
54245.63,4002.00,346.77,0.64,05/12/2021 15:07:42,1144
54187.39,3997.00,346.21,0.64,05/12/2021 15:08:43,1145
54090.59,3975.81,345.81,0.64,05/12/2021 15:09:44,1146
54033.50,3969.05,344.90,0.64,05/12/2021 15:10:45,1147
53994.81,3964.69,344.17,0.64,05/12/2021 15:11:45,1148
53918.25,3963.29,343.82,0.64,05/12/2021 15:12:46,1149
54021.69,3980.32,345.09,0.64,05/12/2021 15:13:47,1150
53921.48,3965.95,344.01,0.64,05/12/2021 15:14:47,1151
54017.84,3975.98,344.04,0.64,05/12/2021 15:15:47,1152
54279.74,4000.47,347.86,0.64,05/12/2021 15:16:48,1153
54325.81,4008.18,348.14,0.64,05/12/2021 15:17:49,1154
54386.05,4011.98,348.47,0.64,05/12/2021 15:18:49,1155
54520.72,4030.82,349.94,0.64,05/12/2021 15:19:50,1156
54486.08,4026.91,350.22,0.64,05/12/2021 15:20:51,1157
54317.79,4013.72,348.57,0.64,05/12/2021 15:21:51,1158
54357.25,4025.64,349.70,0.64,05/12/2021 15:22:51,1159
54482.42,4052.96,351.70,0.64,05/12/2021 15:23:52,1160
54418.41,4045.69,351.14,0.64,05/12/2021 15:24:52,1161
54401.03,4038.51,351.72,0.64,05/12/2021 15:25:53,1162
54519.31,4048.65,353.38,0.64,05/12/2021 15:26:53,1163
54496.12,4047.70,353.56,0.64,05/12/2021 15:27:54,1164
54553.76,4045.03,354.02,0.65,05/12/2021 15:28:54,1165
54431.18,4032.90,352.63,0.65,05/12/2021 15:29:55,1166
54393.42,4016.14,351.96,0.64,05/12/2021 15:30:56,1167
54418.00,4025.23,352.60,0.64,05/12/2021 15:31:56,1168
54376.02,4027.14,352.21,0.64,05/12/2021 15:32:57,1169
54292.28,4012.94,351.23,0.64,05/12/2021 15:33:57,1170
54263.62,4010.37,351.42,0.64,05/12/2021 15:34:57,1171
54438.14,4029.15,353.24,0.65,05/12/2021 15:35:58,1172
54458.00,4037.48,352.94,0.65,05/12/2021 15:36:58,1173
54588.91,4045.67,354.99,0.65,05/12/2021 15:37:59,1174
54545.25,4048.34,354.81,0.65,05/12/2021 15:39:00,1175
54486.18,4033.92,354.59,0.65,05/12/2021 15:40:00,1176
54561.60,4045.12,355.19,0.65,05/12/2021 15:41:01,1177
54552.73,4048.88,355.26,0.65,05/12/2021 15:42:01,1178
54665.72,4065.03,356.07,0.65,05/12/2021 15:43:02,1179
54688.89,4082.75,356.11,0.65,05/12/2021 15:44:03,1180
54766.13,4083.26,357.46,0.65,05/12/2021 15:45:04,1181
54717.31,4084.31,356.67,0.65,05/12/2021 15:46:04,1182
54656.92,4082.37,355.70,0.65,05/12/2021 15:47:05,1183
54569.36,4077.12,355.11,0.65,05/12/2021 15:48:05,1184
54587.59,4085.08,355.55,0.65,05/12/2021 15:49:05,1185
54574.62,4071.08,355.60,0.65,05/12/2021 15:50:06,1186
54523.06,4070.60,355.33,0.65,05/12/2021 15:51:07,1187
54527.47,4076.88,355.32,0.65,05/12/2021 15:52:07,1188
54541.79,4079.52,355.48,0.65,05/12/2021 15:53:08,1189
54502.51,4073.70,355.03,0.65,05/12/2021 15:54:08,1190
54517.35,4077.03,354.52,0.65,05/12/2021 15:55:09,1191
54550.28,4078.33,354.38,0.65,05/12/2021 15:56:09,1192
54607.81,4086.72,355.04,0.65,05/12/2021 15:57:10,1193
54774.08,4099.15,356.85,0.65,05/12/2021 15:58:10,1194
54812.08,4109.82,357.14,0.65,05/12/2021 15:59:11,1195
54768.06,4107.47,357.58,0.66,05/12/2021 16:00:11,1196
54700.55,4112.47,356.52,0.65,05/12/2021 16:01:12,1197
54778.10,4124.48,357.82,0.65,05/12/2021 16:02:13,1198
54754.05,4129.08,357.77,0.65,05/12/2021 16:03:13,1199
54715.25,4120.49,358.32,0.66,05/12/2021 16:04:14,1200
54735.92,4116.77,358.06,0.66,05/12/2021 16:05:15,1201
54621.76,4102.46,357.47,0.65,05/12/2021 16:06:15,1202
54645.88,4109.58,357.44,0.66,05/12/2021 16:07:15,1203
54642.24,4113.41,357.56,0.66,05/12/2021 16:08:16,1204
54627.44,4114.75,357.72,0.66,05/12/2021 16:09:16,1205
54623.93,4111.63,357.43,0.66,05/12/2021 16:10:18,1206
54537.22,4101.13,356.76,0.66,05/12/2021 16:11:18,1207
54593.05,4106.95,357.46,0.66,05/12/2021 16:12:19,1208
54656.84,4113.00,358.00,0.66,05/12/2021 16:13:19,1209
54654.31,4107.60,357.79,0.66,05/12/2021 16:14:20,1210
54607.06,4100.39,357.69,0.66,05/12/2021 16:15:20,1211
54532.07,4086.25,357.00,0.66,05/12/2021 16:16:20,1212
54521.26,4078.78,356.26,0.66,05/12/2021 16:17:21,1213
54491.60,4072.44,355.39,0.66,05/12/2021 16:18:21,1214
54545.53,4076.84,356.37,0.66,05/12/2021 16:19:22,1215
54450.70,4064.16,355.37,0.66,05/12/2021 16:20:22,1216
54466.07,4071.17,355.58,0.66,05/12/2021 16:21:23,1217
54536.00,4088.35,356.83,0.66,05/12/2021 16:22:23,1218
54570.16,4086.69,356.66,0.66,05/12/2021 16:23:23,1219
54626.79,4096.58,356.76,0.66,05/12/2021 16:24:24,1220
54565.81,4092.89,356.26,0.66,05/12/2021 16:25:24,1221
54547.50,4088.28,355.91,0.66,05/12/2021 16:26:25,1222
54523.66,4081.25,356.12,0.66,05/12/2021 16:27:25,1223
54477.52,4073.51,355.15,0.66,05/12/2021 16:28:26,1224
54391.56,4067.57,354.39,0.66,05/12/2021 16:29:26,1225
54380.58,4066.67,354.07,0.65,05/12/2021 16:30:27,1226
54564.73,4092.83,355.94,0.66,05/12/2021 16:31:27,1227
54573.66,4090.09,355.24,0.66,05/12/2021 16:32:28,1228
54600.01,4090.34,355.74,0.66,05/12/2021 16:33:28,1229
54676.29,4088.88,356.15,0.66,05/12/2021 16:34:29,1230
54744.75,4111.53,357.35,0.66,05/12/2021 16:35:29,1231
54668.58,4105.32,356.81,0.66,05/12/2021 16:36:30,1232
54661.96,4102.91,356.50,0.66,05/12/2021 16:37:31,1233
54772.50,4113.93,357.15,0.66,05/12/2021 16:38:31,1234
54763.66,4116.04,357.18,0.66,05/12/2021 16:39:31,1235
54850.04,4123.03,358.09,0.66,05/12/2021 16:40:32,1236
54881.46,4119.96,358.38,0.66,05/12/2021 16:41:32,1237
54961.75,4130.55,359.17,0.66,05/12/2021 16:42:33,1238
54862.21,4121.06,358.58,0.67,05/12/2021 16:43:33,1239
54827.05,4117.98,358.81,0.67,05/12/2021 16:44:34,1240
54807.56,4107.95,358.97,0.66,05/12/2021 16:45:34,1241
54778.98,4102.27,358.95,0.66,05/12/2021 16:46:35,1242
54797.34,4117.98,359.26,0.66,05/12/2021 16:47:35,1243
54773.62,4123.56,359.19,0.66,05/12/2021 16:48:36,1244
54727.34,4114.09,358.26,0.66,05/12/2021 16:49:36,1245
54678.61,4112.16,358.57,0.67,05/12/2021 16:50:37,1246
54664.18,4107.92,358.52,0.67,05/12/2021 16:51:37,1247
54647.69,4108.45,358.90,0.67,05/12/2021 16:52:38,1248
54803.59,4127.67,360.16,0.67,05/12/2021 16:53:38,1249
54756.29,4119.37,359.83,0.67,05/12/2021 16:54:39,1250
54724.23,4119.80,359.87,0.67,05/12/2021 16:55:39,1251
54764.52,4123.46,360.21,0.67,05/12/2021 16:56:39,1252
54819.20,4128.34,360.17,0.67,05/12/2021 16:57:40,1253
54719.50,4116.75,359.19,0.67,05/12/2021 16:58:41,1254
54769.66,4121.78,359.36,0.67,05/12/2021 16:59:41,1255
54715.20,4113.22,358.48,0.67,05/12/2021 17:00:41,1256
54748.75,4114.79,358.81,0.67,05/12/2021 17:01:42,1257
54728.08,4109.15,358.77,0.67,05/12/2021 17:02:42,1258
54688.57,4106.27,358.07,0.67,05/12/2021 17:03:43,1259
54712.98,4112.00,358.09,0.67,05/12/2021 17:04:43,1260
54706.17,4109.54,357.53,0.67,05/12/2021 17:05:44,1261
54730.32,4113.79,357.78,0.67,05/12/2021 17:06:44,1262
54711.57,4108.43,357.96,0.67,05/12/2021 17:07:44,1263
54737.21,4106.50,358.02,0.67,05/12/2021 17:08:45,1264
54772.81,4110.20,358.54,0.67,05/12/2021 17:09:46,1265
54732.49,4105.24,358.07,0.67,05/12/2021 17:10:46,1266
54771.82,4113.15,358.63,0.67,05/12/2021 17:11:47,1267
54812.88,4117.75,358.74,0.67,05/12/2021 17:12:47,1268
54862.07,4120.88,359.16,0.67,05/12/2021 17:13:48,1269
54850.70,4121.21,359.16,0.67,05/12/2021 17:14:49,1270
54918.46,4127.74,359.37,0.67,05/12/2021 17:15:50,1271
54927.66,4130.08,360.20,0.67,05/12/2021 17:16:50,1272
54949.63,4130.20,360.23,0.67,05/12/2021 17:17:51,1273
54864.50,4126.78,359.65,0.67,05/12/2021 17:18:52,1274
54874.81,4124.49,359.59,0.67,05/12/2021 17:19:52,1275
54944.12,4138.62,360.66,0.67,05/12/2021 17:20:53,1276
54985.99,4143.78,360.29,0.67,05/12/2021 17:21:53,1277
55029.47,4152.70,360.80,0.67,05/12/2021 17:22:54,1278
55057.06,4157.57,361.15,0.67,05/12/2021 17:23:54,1279
54997.83,4154.11,361.17,0.67,05/12/2021 17:24:54,1280
54952.17,4155.57,361.12,0.67,05/12/2021 17:25:55,1281
55017.64,4159.70,361.78,0.67,05/12/2021 17:26:55,1282
55027.27,4160.29,361.53,0.68,05/12/2021 17:27:56,1283
55011.01,4157.57,361.79,0.68,05/12/2021 17:28:56,1284
55064.80,4164.27,361.75,0.68,05/12/2021 17:29:56,1285
54972.09,4156.84,360.38,0.67,05/12/2021 17:30:57,1286
54979.82,4160.38,360.61,0.67,05/12/2021 17:31:58,1287
54910.60,4156.87,360.60,0.67,05/12/2021 17:32:59,1288
54885.85,4150.10,360.23,0.67,05/12/2021 17:34:00,1289
54963.87,4156.63,360.74,0.67,05/12/2021 17:35:00,1290
54873.03,4150.68,360.39,0.67,05/12/2021 17:36:01,1291
54895.57,4152.31,360.65,0.67,05/12/2021 17:37:01,1292
54921.71,4158.50,360.66,0.68,05/12/2021 17:38:01,1293
54881.05,4154.29,360.02,0.68,05/12/2021 17:39:02,1294
54886.42,4155.43,359.90,0.68,05/12/2021 17:40:03,1295
54863.17,4150.27,359.29,0.68,05/12/2021 17:41:03,1296
54851.70,4149.86,359.54,0.68,05/12/2021 17:42:03,1297
54888.73,4153.15,359.48,0.68,05/12/2021 17:43:04,1298
54830.59,4146.54,358.98,0.67,05/12/2021 17:44:04,1299
54897.35,4144.04,359.41,0.67,05/12/2021 17:45:06,1300
54904.46,4143.11,359.38,0.68,05/12/2021 17:46:06,1301
54790.34,4127.79,358.42,0.67,05/12/2021 17:47:06,1302
54819.42,4131.49,358.56,0.67,05/12/2021 17:48:07,1303
54838.03,4138.44,358.83,0.67,05/12/2021 17:49:08,1304
54862.53,4140.62,358.82,0.67,05/12/2021 17:50:08,1305
54761.95,4128.97,358.76,0.67,05/12/2021 17:51:09,1306
54745.65,4122.51,358.55,0.67,05/12/2021 17:52:09,1307
54762.86,4120.36,358.00,0.67,05/12/2021 17:53:10,1308
54711.89,4123.83,357.86,0.67,05/12/2021 17:54:10,1309
54721.26,4130.32,358.30,0.67,05/12/2021 17:55:11,1310
54759.94,4138.98,358.58,0.67,05/12/2021 17:56:11,1311
54800.43,4142.81,359.13,0.67,05/12/2021 17:57:12,1312
54814.03,4142.57,358.85,0.67,05/12/2021 17:58:12,1313
54849.62,4148.57,358.78,0.67,05/12/2021 17:59:13,1314
54889.42,4149.57,359.57,0.67,05/12/2021 18:00:13,1315
54983.42,4157.32,360.26,0.67,05/12/2021 18:01:13,1316
54978.32,4160.77,360.22,0.67,05/12/2021 18:02:14,1317
54966.29,4160.47,359.69,0.67,05/12/2021 18:03:16,1318
54981.55,4164.36,359.99,0.67,05/12/2021 18:04:16,1319
55017.32,4170.74,360.65,0.67,05/12/2021 18:05:16,1320
55006.57,4167.68,360.96,0.67,05/12/2021 18:06:17,1321
55033.97,4169.57,360.89,0.67,05/12/2021 18:07:18,1322
54116.25,4115.92,355.20,0.66,05/12/2021 18:08:18,1323
53624.40,4074.00,347.60,0.65,05/12/2021 18:09:18,1324
53751.81,4076.50,349.62,0.65,05/12/2021 18:10:19,1325
53646.14,4095.44,348.11,0.65,05/12/2021 18:11:19,1326
53090.05,4033.74,342.13,0.64,05/12/2021 18:12:20,1327
52861.86,4024.58,340.02,0.63,05/12/2021 18:13:20,1328
52582.31,3994.08,339.22,0.63,05/12/2021 18:14:21,1329
52983.22,4042.98,342.89,0.64,05/12/2021 18:15:21,1330
53329.07,4085.93,344.53,0.65,05/12/2021 18:16:22,1331
53384.78,4102.40,346.88,0.65,05/12/2021 18:17:23,1332
53304.08,4080.34,347.39,0.65,05/12/2021 18:18:23,1333
53447.01,4103.11,347.61,0.65,05/12/2021 18:19:24,1334
53167.47,4076.01,345.13,0.64,05/12/2021 18:20:24,1335
52744.47,4054.91,342.04,0.64,05/12/2021 18:21:26,1336
52818.73,4057.92,343.05,0.64,05/12/2021 18:22:26,1337
53054.23,4087.71,344.64,0.64,05/12/2021 18:23:27,1338
53226.05,4109.15,346.05,0.65,05/12/2021 18:24:28,1339
53400.12,4128.22,346.75,0.65,05/12/2021 18:25:28,1340
53105.99,4126.65,347.33,0.65,05/12/2021 18:26:29,1341
53219.44,4122.42,347.22,0.65,05/12/2021 18:27:29,1342
52923.00,4096.76,345.65,0.64,05/12/2021 18:28:30,1343
53099.51,4120.56,347.26,0.65,05/12/2021 18:29:30,1344
52833.57,4107.03,345.99,0.64,05/12/2021 18:30:31,1345
52828.61,4106.37,344.75,0.64,05/12/2021 18:31:32,1346
52788.67,4100.88,343.87,0.64,05/12/2021 18:32:32,1347
52714.87,4089.92,343.41,0.64,05/12/2021 18:33:33,1348
52539.34,4092.17,342.87,0.64,05/12/2021 18:34:34,1349
52321.05,4070.07,339.37,0.63,05/12/2021 18:35:34,1350
52384.17,4085.73,341.33,0.64,05/12/2021 18:36:35,1351
52412.79,4090.36,338.57,0.63,05/12/2021 18:37:35,1352
51999.55,4064.63,336.49,0.63,05/12/2021 18:38:36,1353
51894.95,4062.61,336.32,0.63,05/12/2021 18:39:36,1354
51754.37,4058.44,335.04,0.63,05/12/2021 18:40:37,1355
52060.87,4079.59,337.63,0.64,05/12/2021 18:41:37,1356
52160.72,4084.89,336.78,0.64,05/12/2021 18:42:39,1357
52228.90,4085.38,337.44,0.64,05/12/2021 18:43:39,1358
52452.82,4098.99,339.45,0.64,05/12/2021 18:44:40,1359
52611.45,4122.51,340.91,0.64,05/12/2021 18:45:40,1360
52544.48,4115.23,341.01,0.64,05/12/2021 18:46:41,1361
52577.45,4120.40,343.09,0.64,05/12/2021 18:47:42,1362
52661.97,4126.31,343.64,0.64,05/12/2021 18:48:43,1363
52785.99,4153.94,345.98,0.65,05/12/2021 18:49:43,1364
52908.78,4188.57,346.12,0.65,05/12/2021 18:50:44,1365
52917.61,4211.86,346.51,0.65,05/12/2021 18:51:46,1366
52837.24,4209.42,346.06,0.65,05/12/2021 18:52:47,1367
52863.02,4207.98,346.32,0.65,05/12/2021 18:53:49,1368
52768.61,4200.28,345.74,0.65,05/12/2021 18:54:49,1369
52885.63,4221.00,347.13,0.65,05/12/2021 18:55:50,1370
52938.64,4240.56,347.51,0.65,05/12/2021 18:56:50,1371
53162.34,4256.57,349.06,0.65,05/12/2021 18:57:51,1372
53189.24,4261.72,349.91,0.65,05/12/2021 18:58:52,1373
53160.40,4268.10,350.20,0.65,05/12/2021 18:59:52,1374
53045.32,4253.04,349.01,0.65,05/12/2021 19:00:53,1375
52968.84,4238.64,348.80,0.65,05/12/2021 19:01:54,1376
52883.10,4226.18,348.58,0.65,05/12/2021 19:02:54,1377
52847.83,4214.55,347.77,0.65,05/12/2021 19:03:55,1378
52694.74,4184.09,346.28,0.64,05/12/2021 19:04:55,1379
52675.96,4184.69,346.63,0.64,05/12/2021 19:05:56,1380
52955.40,4209.97,349.20,0.65,05/12/2021 19:06:57,1381
52849.25,4198.16,347.75,0.65,05/12/2021 19:07:57,1382
52860.08,4190.12,346.89,0.64,05/12/2021 19:08:57,1383
52733.91,4164.29,345.49,0.64,05/12/2021 19:09:58,1384
52818.97,4193.43,346.44,0.65,05/12/2021 19:10:59,1385
52945.28,4188.13,346.35,0.65,05/12/2021 19:11:59,1386
52987.56,4187.91,347.29,0.65,05/12/2021 19:13:00,1387
52840.80,4172.45,346.97,0.65,05/12/2021 19:14:00,1388
52889.68,4171.82,347.43,0.65,05/12/2021 19:15:02,1389
52960.54,4172.38,347.56,0.65,05/12/2021 19:16:02,1390
52818.64,4145.41,344.94,0.65,05/12/2021 19:17:03,1391
52624.64,4130.75,343.02,0.64,05/12/2021 19:18:03,1392
52359.92,4124.13,342.26,0.64,05/12/2021 19:19:03,1393
52320.39,4101.23,339.21,0.64,05/12/2021 19:20:04,1394
52288.88,4105.32,340.23,0.64,05/12/2021 19:21:06,1395
52427.78,4112.43,342.16,0.64,05/12/2021 19:22:06,1396
52571.21,4118.95,342.51,0.64,05/12/2021 19:23:07,1397
52589.24,4118.77,342.21,0.64,05/12/2021 19:24:07,1398
52538.33,4101.89,341.88,0.64,05/12/2021 19:25:08,1399
52327.36,4100.28,340.09,0.64,05/12/2021 19:26:08,1400
52150.94,4080.70,338.05,0.64,05/12/2021 19:27:09,1401
